structure,method,energy,gnorm,opt_time,peak_mem,cpu_time,opt_succ,cycles,hessian,failure,options,switch
structure1,conj,-471.60493794,0.00064603,3.9144,0.55,3.9145,True,450,0,,,-1
structure2,conj,-468.89933124,0.01996392,8.9609,0.55,8.9609,False,1000,0,"  **** Maximum number of function calls has been reached ****
",,-1
structure3,conj,-468.57592911,0.00057831,9.1955,0.55,9.1955,True,991,0,,,-1
structure4,conj,-469.74970828,0.0016503,9.2969,0.55,9.2969,False,1000,0,"  **** Maximum number of function calls has been reached ****
",,-1
structure5,conj,-465.22313356,0.12693096,9.3906,0.55,9.3906,False,1000,0,"  **** Maximum number of function calls has been reached ****
",,-1
structure6,conj,-470.3763054,0.00053693,2.8026,0.55,2.8026,True,336,0,,,-1
structure7,conj,-468.30667013,0.00111781,9.2204,0.55,9.2205,False,1000,0,"  **** Maximum number of function calls has been reached ****
",,-1
structure8,conj,-469.24523484,0.00049693,2.0555,0.55,2.0555,True,287,0,,,-1
structure9,conj,inf,0,0.9793,0.55,0.9793,False,199,0,"  **** Too many failed attempts to optimise ****
",,-1
structure10,conj,-469.25174698,0.00058804,7.294,0.55,7.294,True,917,0,,,-1
structure11,conj,-466.53570649,0.00224083,6.8958,0.55,6.8958,False,1000,0,"  **** Maximum number of function calls has been reached ****
",,-1
structure12,conj,-468.27442079,0.00056004,3.8763,0.55,3.8763,True,424,0,,,-1
structure13,conj,inf,0,0.6894,0.55,0.6894,False,166,0,"  **** Too many failed attempts to optimise ****
",,-1
structure14,conj,-469.83853974,0.00056747,3.9767,0.55,3.9767,True,543,0,,,-1
structure15,conj,-469.3540287,0.00055585,2.4798,0.55,2.4798,True,279,0,,,-1
structure16,conj,inf,0,0.1492,0.55,0.1492,False,21,0,"  **** Too many failed attempts to optimise ****
",,-1
structure17,conj,-467.33416815,0.00248592,10.3811,0.55,10.3812,False,1000,0,"  **** Maximum number of function calls has been reached ****
",,-1
structure18,conj,-470.05588531,0.05892439,2.134,0.55,2.134,False,280,0,"  **** Too many failed attempts to optimise ****
",,-1
structure19,conj,-472.19899734,0.00052007,5.584,0.55,5.584,True,671,0,,,-1
structure20,conj,-470.41130749,0.00049432,5.8436,0.55,5.8436,True,726,0,,,-1
structure21,conj,inf,0,0.1624,0.55,0.1624,False,23,0,"  **** Too many failed attempts to optimise ****
",,-1
structure22,conj,-470.82350997,0.00707408,9.1214,0.55,9.1214,False,1000,0,"  **** Maximum number of function calls has been reached ****
",,-1
structure23,conj,-469.04943444,0.00056486,4.0766,0.55,4.0766,True,479,0,,,-1
structure24,conj,-471.35891659,0.00034618,3.2062,0.55,3.2062,True,426,0,,,-1
structure25,conj,-470.11120819,0.01567123,3.5695,0.55,3.5695,False,370,0,"  **** Too many failed attempts to optimise ****
",,-1
structure26,conj,-466.85092323,0.00727545,6.5109,0.55,6.5109,False,1000,0,"  **** Maximum number of function calls has been reached ****
",,-1
structure27,conj,-470.11587718,0.00150713,9.7995,0.55,9.7996,False,1000,0,"  **** Maximum number of function calls has been reached ****
",,-1
structure28,conj,-468.46756161,0.00050952,4.8445,0.55,4.8445,True,686,0,,,-1
structure29,conj,-467.63034797,0.00057852,3.5919,0.55,3.5919,True,560,0,,,-1
structure30,conj,-468.80133305,0.00186807,7.9504,0.55,7.9504,False,1000,0,"  **** Maximum number of function calls has been reached ****
",,-1
structure31,conj,-467.97191225,0.00192333,7.62,0.55,7.62,False,1000,0,"  **** Maximum number of function calls has been reached ****
",,-1
structure32,conj,-468.68986291,0.0006635,1.7357,0.55,1.7358,True,275,0,,,-1
structure33,conj,-468.42149972,0.00045839,6.8444,0.55,6.8445,True,920,0,,,-1
structure34,conj,-469.14696978,0.00061065,5.3586,0.55,5.3587,True,686,0,,,-1
structure35,conj,-462.23091214,0.03378403,5.6024,0.55,5.6024,False,1000,0,"  **** Maximum number of function calls has been reached ****
",,-1
structure36,conj,-470.43894721,0.00050419,7.6688,0.55,7.6688,True,972,0,,,-1
structure37,conj,-468.9354543,0.0363118,9.2071,0.55,9.2071,False,1000,0,"  **** Maximum number of function calls has been reached ****
",,-1
structure38,conj,-469.67835955,0.00045269,9.8727,0.55,9.8728,True,996,0,,,-1
structure39,conj,-467.45362118,0.00058447,4.6346,0.55,4.6346,True,635,0,,,-1
structure40,conj,-468.04668323,0.02034758,9.2143,0.55,9.2143,False,1000,0,"  **** Maximum number of function calls has been reached ****
",,-1
structure41,conj,-469.30318147,0.00050404,5.4647,0.55,5.4647,True,800,0,,,-1
structure42,conj,-468.92116942,0.00051679,6.337,0.55,6.3371,True,589,0,,,-1
structure43,conj,-468.69920252,0.00063184,1.4899,0.55,1.4899,True,191,0,,,-1
structure44,conj,-467.84448243,0.03171007,9.9045,0.55,9.9045,False,1000,0,"  **** Maximum number of function calls has been reached ****
",,-1
structure45,conj,-469.69720195,0.00052544,1.6564,0.55,1.6565,True,227,0,,,-1
structure46,conj,-470.5430769,0.00046472,4.0081,0.55,4.0081,True,390,0,,,-1
structure47,conj,-469.4830331,0.00045972,6.2195,0.55,6.2195,True,712,0,,,-1
structure48,conj,-467.73043965,0.00041898,3.3496,0.55,3.3496,True,470,0,,,-1
structure49,conj,-467.90433446,0.00784114,8.5512,0.55,8.5512,False,1000,0,"  **** Maximum number of function calls has been reached ****
",,-1
structure50,conj,-470.82527226,0.00639242,3.0747,0.55,3.0747,False,440,0,"  **** Too many failed attempts to optimise ****
",,-1
structure51,conj,-469.38757729,0.00298837,8.2055,0.55,8.2056,False,1000,0,"  **** Maximum number of function calls has been reached ****
",,-1
structure52,conj,-469.24839401,0.00689698,3.3432,0.55,3.3432,False,480,0,"  **** Too many failed attempts to optimise ****
",,-1
structure53,conj,inf,0,0.9234,0.55,0.9234,False,209,0,"  **** Too many failed attempts to optimise ****
",,-1
structure54,conj,-470.25104894,0.00039559,8.3473,0.55,8.3473,True,896,0,,,-1
structure55,conj,-467.72808654,0.0699809,3.3198,0.55,3.3198,False,400,0,"  **** Too many failed attempts to optimise ****
",,-1
structure56,conj,-462.31873752,1.50473597,3.0887,0.55,3.0887,False,310,0,"  **** Too many failed attempts to optimise ****
",,-1
structure57,conj,-472.6685633,0.00048566,1.2072,0.55,1.2073,True,180,0,,,-1
structure58,conj,-470.30876903,0.000521,3.1879,0.55,3.188,True,420,0,,,-1
structure59,conj,-468.96037836,0.00053686,3.4431,0.55,3.4431,True,396,0,,,-1
structure60,conj,-464.4503022,0.0074117,6.7094,0.55,6.7094,False,1000,0,"  **** Maximum number of function calls has been reached ****
",,-1
structure61,conj,-469.18149168,0.0005838,3.2487,0.55,3.2487,True,425,0,,,-1
structure62,conj,-468.55041956,0.00062263,8.6214,0.55,8.6215,True,860,0,,,-1
structure63,conj,-469.68255525,0.00054699,1.5975,0.55,1.5975,True,274,0,,,-1
structure64,conj,-470.60768774,0.00054001,6.1956,0.55,6.1956,True,762,0,,,-1
structure65,conj,-475.750635,0.00055698,1.1233,0.55,1.1233,True,171,0,,,-1
structure66,conj,-469.58903856,0.00060741,6.5197,0.55,6.5197,True,797,0,,,-1
structure67,conj,-469.56367123,0.06163242,2.7192,0.55,2.7192,False,310,0,"  **** Too many failed attempts to optimise ****
",,-1
structure68,conj,-469.55197214,0.00062321,6.6488,0.55,6.6488,True,663,0,,,-1
structure69,conj,-468.02425165,0.00056258,2.9214,0.55,2.9214,True,440,0,,,-1
structure70,conj,-466.70340985,0.00054787,5.7811,0.55,5.7811,True,601,0,,,-1
structure71,conj,-472.15864275,0.00047604,3.397,0.55,3.397,True,460,0,,,-1
structure72,conj,-469.39022724,0.00247322,7.7077,0.55,7.7077,False,1000,0,"  **** Maximum number of function calls has been reached ****
",,-1
structure73,conj,-467.11330831,0.00119269,9.2913,0.55,9.2913,False,1000,0,"  **** Maximum number of function calls has been reached ****
",,-1
structure74,conj,-469.68510439,0.00057488,2.5897,0.55,2.5897,True,315,0,,,-1
structure75,conj,-467.37654703,0.05576359,6.0768,0.55,6.0768,False,1000,0,"  **** Maximum number of function calls has been reached ****
",,-1
structure76,conj,-470.34567061,0.00054559,6.4998,0.55,6.4998,True,865,0,,,-1
structure77,conj,-470.5402578,0.02253627,8.006,0.55,8.006,False,1000,0,"  **** Maximum number of function calls has been reached ****
",,-1
structure78,conj,-468.24236343,0.0004686,4.5962,0.55,4.5962,True,480,0,,,-1
structure79,conj,-466.78345418,0.0005912,5.4749,0.55,5.4749,True,694,0,,,-1
structure80,conj,-463.06238319,0.00471966,6.2541,0.55,6.2542,False,1000,0,"  **** Maximum number of function calls has been reached ****
",,-1
structure81,conj,-469.68417212,0.00057955,5.4382,0.55,5.4383,True,822,0,,,-1
structure82,conj,-469.6479896,0.00177913,11.7584,0.55,11.7585,False,1000,0,"  **** Maximum number of function calls has been reached ****
",,-1
structure83,conj,-469.64853692,0.0005127,1.7738,0.55,1.7738,True,230,0,,,-1
structure84,conj,-468.81637644,0.00046366,5.592,0.55,5.592,True,760,0,,,-1
structure85,conj,-469.68511118,0.00058359,2.6208,0.55,2.6208,True,303,0,,,-1
structure86,conj,-468.53116487,0.00037855,2.9171,0.55,2.9171,True,400,0,,,-1
structure87,conj,-467.41558372,0.00058629,4.7182,0.55,4.7182,True,567,0,,,-1
structure88,conj,-470.28554755,0.00057914,2.6894,0.55,2.6894,True,286,0,,,-1
structure89,conj,inf,0,0.2422,0.55,0.2422,False,37,0,"  **** Too many failed attempts to optimise ****
",,-1
structure90,conj,-470.81681447,0.00061402,3.4831,0.55,3.4831,True,469,0,,,-1
structure91,conj,-468.10290624,0.00050911,6.4566,0.55,6.4566,True,820,0,,,-1
structure92,conj,-473.85896251,0.00063729,3.374,0.55,3.374,True,480,0,,,-1
structure93,conj,-470.3183807,0.0005424,10.4315,0.55,10.4315,True,984,0,,,-1
structure94,conj,-470.95804304,0.00164085,6.8953,0.55,6.8953,False,1000,0,"  **** Maximum number of function calls has been reached ****
",,-1
structure95,conj,-471.03028051,0.00063154,6.5293,0.55,6.5294,True,914,0,,,-1
structure96,conj,-469.27273372,0.60511919,2.7608,0.55,2.7608,False,340,0,"  **** Too many failed attempts to optimise ****
",,-1
structure97,conj,-469.73615768,0.00055062,2.6925,0.55,2.6925,True,382,0,,,-1
structure98,conj,-471.0064352,0.00052918,8.2408,0.55,8.2408,True,840,0,,,-1
structure99,conj,-467.63775418,0.00316297,10.288,0.55,10.288,False,1000,0,"  **** Maximum number of function calls has been reached ****
",,-1
structure100,conj,-470.7920621,0.00040874,0.8459,0.55,0.8459,True,118,0,,,-1
structure101,conj,-466.12688172,1.24715227,0.8539,0.55,0.8539,False,120,0,"  **** Too many failed attempts to optimise ****
",,-1
structure102,conj,-470.77288428,0.00042337,3.2783,0.55,3.2783,True,343,0,,,-1
structure103,conj,-470.49385533,0.06858909,3.1392,0.55,3.1392,False,300,0,"  **** Too many failed attempts to optimise ****
",,-1
structure104,conj,-469.61378874,0.00053424,3.9791,0.55,3.9792,True,407,0,,,-1
structure105,conj,-475.75063408,0.00059221,0.875,0.55,0.8751,True,117,0,,,-1
structure106,conj,-471.54622085,0.00051663,5.3118,0.55,5.3118,True,659,0,,,-1
structure107,conj,-468.55978844,0.00057301,2.09,0.55,2.09,True,290,0,,,-1
structure108,conj,-469.58906286,0.00049631,5.1613,0.55,5.1613,True,695,0,,,-1
structure109,conj,-469.146994,0.00045794,5.3917,0.55,5.3917,True,619,0,,,-1
structure110,conj,-470.65479266,0.00059768,4.2581,0.55,4.2582,True,547,0,,,-1
structure111,conj,inf,0,0.2173,0.55,0.2173,False,28,0,"  **** Too many failed attempts to optimise ****
",,-1
structure112,conj,-465.01339306,2.05275159,1.968,0.55,1.968,False,250,0,"  **** Too many failed attempts to optimise ****
",,-1
structure113,conj,inf,0,0.3077,0.55,0.3077,False,47,0,"  **** Too many failed attempts to optimise ****
",,-1
structure114,conj,-469.42293294,0.00056444,7.2436,0.55,7.2436,True,791,0,,,-1
structure115,conj,-470.37630507,0.00057044,4.7267,0.55,4.7267,True,551,0,,,-1
structure116,conj,-467.1004038,0.00049805,4.9191,0.55,4.9191,True,556,0,,,-1
structure117,conj,-467.99619017,0.00052721,3.4133,0.55,3.4133,True,357,0,,,-1
structure118,conj,-469.49621925,0.0005209,2.8699,0.55,2.87,True,325,0,,,-1
structure119,conj,-470.43611514,0.00054657,6.1323,0.55,6.1323,True,935,0,,,-1
structure120,conj,-469.30025936,0.00062344,5.7179,0.55,5.7179,True,550,0,,,-1
structure121,conj,inf,0,0.1732,0.55,0.1732,False,25,0,"  **** Too many failed attempts to optimise ****
",,-1
structure122,conj,-470.01925021,0.0006303,4.6044,0.55,4.6044,True,464,0,,,-1
structure123,conj,-468.32175707,0.00060173,6.8415,0.55,6.8415,True,803,0,,,-1
structure124,conj,-469.7306774,0.00789681,8.518,0.55,8.518,False,1000,0,"  **** Maximum number of function calls has been reached ****
",,-1
structure125,conj,-469.28880703,0.00057618,5.6364,0.55,5.6364,True,612,0,,,-1
structure126,conj,-468.9255805,0.00573029,8.2617,0.55,8.2617,False,1000,0,"  **** Maximum number of function calls has been reached ****
",,-1
structure127,conj,-469.0874936,0.03487278,6.7846,0.55,6.7846,False,787,0,"  **** Too many failed attempts to optimise ****
",,-1
structure128,conj,inf,0,0.1623,0.55,0.1623,False,20,0,"  **** Too many failed attempts to optimise ****
",,-1
structure129,conj,-468.50487127,0.00540473,7.8318,0.55,7.8318,False,1000,0,"  **** Maximum number of function calls has been reached ****
",,-1
structure130,conj,inf,0,0.1841,0.55,0.1842,False,28,0,"  **** Too many failed attempts to optimise ****
",,-1
structure131,conj,-470.58934549,0.00040279,2.9165,0.55,2.9165,True,336,0,,,-1
structure132,conj,-469.19956113,0.00048313,7.7994,0.55,7.7995,True,849,0,,,-1
structure133,conj,-467.85563166,0.00054247,5.7559,0.55,5.7559,True,710,0,,,-1
structure134,conj,-471.86212132,0.00999871,1.5712,0.55,1.5713,False,220,0,"  **** Too many failed attempts to optimise ****
",,-1
structure135,conj,-471.66679891,0.00181954,9.942,0.55,9.942,False,1000,0,"  **** Maximum number of function calls has been reached ****
",,-1
structure136,conj,-467.41560651,0.00065144,5.5206,0.55,5.5206,True,597,0,,,-1
structure137,conj,inf,0,0.8409,0.55,0.8409,False,184,0,"  **** Too many failed attempts to optimise ****
",,-1
structure138,conj,-471.09158378,0.00044092,5.2552,0.55,5.2552,True,761,0,,,-1
structure139,conj,-468.1352334,0.00047024,4.5169,0.55,4.5169,True,545,0,,,-1
structure140,conj,-471.16705074,0.00257214,4.857,0.55,4.857,False,547,0,"  **** Too many failed attempts to optimise ****
",,-1
structure141,conj,-466.6116577,0.00958498,10.0032,0.55,10.0032,False,1000,0,"  **** Maximum number of function calls has been reached ****
",,-1
structure142,conj,-465.96189399,0.00359357,7.5092,0.55,7.5092,False,1000,0,"  **** Maximum number of function calls has been reached ****
",,-1
structure143,conj,-471.35914589,0.00045771,6.0373,0.55,6.0373,True,631,0,,,-1
structure144,conj,-465.56840656,0.00051936,2.7887,0.55,2.7888,True,375,0,,,-1
structure145,conj,-469.34949735,0.00044951,1.8936,0.55,1.8936,True,320,0,,,-1
structure146,conj,-469.34371769,0.0004914,7.0064,0.55,7.0064,True,777,0,,,-1
structure147,conj,-469.55795243,0.00050797,1.2384,0.55,1.2384,True,166,0,,,-1
structure148,conj,-469.85079563,0.0004943,1.9442,0.55,1.9442,True,311,0,,,-1
structure149,conj,-465.44237711,0.00061296,5.872,0.55,5.872,True,760,0,,,-1
structure150,conj,-468.28452837,0.00052844,1.4906,0.55,1.4906,True,199,0,,,-1
structure151,conj,-471.82373963,0.00051277,4.7669,0.55,4.7669,True,691,0,,,-1
structure152,conj,-471.03028055,0.00056615,7.2912,0.55,7.2912,True,773,0,,,-1
structure153,conj,-470.63731086,0.85124431,3.4286,0.55,3.4287,False,410,0,"  **** Too many failed attempts to optimise ****
",,-1
structure154,conj,-468.81387634,0.00058802,9.4305,0.55,9.4305,False,1000,0,"  **** Maximum number of function calls has been reached ****
",,-1
structure155,conj,-470.36838893,0.00058806,2.3704,0.55,2.3704,True,337,0,,,-1
structure156,conj,-470.03295727,0.00056745,2.1449,0.55,2.1449,True,251,0,,,-1
structure157,conj,-471.00283619,0.0005517,2.568,0.55,2.5681,True,397,0,,,-1
structure158,conj,-465.88761342,0.02339441,8.0317,0.55,8.0317,False,1000,0,"  **** Maximum number of function calls has been reached ****
",,-1
structure159,conj,inf,0,0.2281,0.55,0.2281,False,40,0,"  **** Too many failed attempts to optimise ****
",,-1
structure160,conj,-469.29884871,0.00046722,6.5156,0.55,6.5156,True,835,0,,,-1
structure161,conj,-470.54670746,0.00043432,8.3923,0.55,8.3924,True,992,0,,,-1
structure162,conj,-471.54616457,0.00050367,7.608,0.55,7.608,True,680,0,,,-1
structure163,conj,-469.26269092,0.00056476,5.6785,0.55,5.6785,True,712,0,,,-1
structure164,conj,-469.32198674,0.00061906,2.6948,0.55,2.6949,True,309,0,,,-1
structure165,conj,-469.81635382,0.09633801,2.6087,0.55,2.6087,False,340,0,"  **** Too many failed attempts to optimise ****
",,-1
structure166,conj,-472.41779861,0.00046949,4.2037,0.55,4.2038,True,588,0,,,-1
structure167,conj,-465.40307087,0.01749436,8.8196,0.55,8.8197,False,1000,0,"  **** Maximum number of function calls has been reached ****
",,-1
structure168,conj,-471.05888569,0.0006267,3.3409,0.55,3.3409,True,497,0,,,-1
structure169,conj,-472.66856358,0.00062088,2.2481,0.55,2.2481,True,344,0,,,-1
structure170,conj,-468.62400084,0.00864934,2.9571,0.55,2.9572,False,370,0,"  **** Too many failed attempts to optimise ****
",,-1
structure171,conj,inf,0,0.1697,0.55,0.1697,False,25,0,"  **** Too many failed attempts to optimise ****
",,-1
structure172,conj,-468.33539287,0.00057288,3.2322,0.55,3.2322,True,551,0,,,-1
structure173,conj,-466.29009223,0.00044503,2.5046,0.55,2.5046,True,463,0,,,-1
structure174,conj,-469.74307108,0.00049606,4.0005,0.55,4.0005,True,597,0,,,-1
structure175,conj,-470.01656899,0.00572719,9.2901,0.55,9.2901,False,1000,0,"  **** Maximum number of function calls has been reached ****
",,-1
structure176,conj,-468.10530213,0.00052653,3.2741,0.55,3.2741,True,530,0,,,-1
structure177,conj,-467.92253089,0.00047285,5.9308,0.55,5.9308,True,844,0,,,-1
structure178,conj,-469.47901957,0.00053063,1.7325,0.55,1.7325,True,301,0,,,-1
structure179,conj,-471.46160734,0.00054204,4.06,0.55,4.06,True,520,0,,,-1
structure180,conj,-469.76161534,0.10653643,5.561,0.55,5.5611,False,600,0,"  **** Too many failed attempts to optimise ****
",,-1
structure181,conj,-468.70390588,0.00061417,5.5745,0.55,5.5746,True,714,0,,,-1
structure182,conj,-469.83192989,0.00058812,6.2828,0.55,6.2828,True,773,0,,,-1
structure183,conj,-470.7445265,0.00045553,2.9781,0.55,2.9781,True,500,0,,,-1
structure184,conj,-471.02225175,0.02277606,7.1029,0.55,7.103,False,1000,0,"  **** Maximum number of function calls has been reached ****
",,-1
structure185,conj,-471.02900861,0.00273939,6.2396,0.55,6.2396,False,1000,0,"  **** Maximum number of function calls has been reached ****
",,-1
structure186,conj,-471.74255176,0.00917482,10.0492,0.55,10.0493,False,1000,0,"  **** Maximum number of function calls has been reached ****
",,-1
structure187,conj,-468.00207853,0.00065503,2.3414,0.55,2.3415,True,341,0,,,-1
structure188,conj,-468.6205303,0.0003911,3.5596,0.55,3.5596,True,422,0,,,-1
structure189,conj,-470.52325966,0.00056642,1.4462,0.55,1.4462,True,231,0,,,-1
structure190,conj,-468.64108095,0.01050121,4.1121,0.55,4.1121,False,710,0,"  **** Too many failed attempts to optimise ****
",,-1
structure191,conj,-470.37595446,0.00050373,3.0769,0.55,3.077,True,326,0,,,-1
structure192,conj,-469.38865041,0.00037292,7.0961,0.55,7.0961,True,906,0,,,-1
structure193,conj,-467.31692425,0.00057023,3.2292,0.55,3.2292,True,452,0,,,-1
structure194,conj,-470.44296217,0.0005764,1.9079,0.55,1.9079,True,230,0,,,-1
structure195,conj,-471.59314875,0.00186578,8.4026,0.55,8.4026,False,1000,0,"  **** Maximum number of function calls has been reached ****
",,-1
structure196,conj,-469.46726247,0.00063259,3.4869,0.55,3.487,True,557,0,,,-1
structure197,conj,-470.74818408,0.00048795,5.1372,0.55,5.1372,True,784,0,,,-1
structure198,conj,-464.67752651,0.03721092,8.0475,0.55,8.0476,False,1000,0,"  **** Maximum number of function calls has been reached ****
",,-1
structure199,conj,-475.75063221,0.00039111,3.2878,0.55,3.2878,True,611,0,,,-1
structure200,conj,-470.73627494,0.00056709,2.8815,0.55,2.8815,True,414,0,,,-1
rat_structure201,conj,-475.75063026,0.00042845,0.2031,0.55,0.2031,True,39,0,,,-1
rat_structure202,conj,-475.75063484,0.00050936,0.1462,0.55,0.1463,True,26,0,,,-1
rat_structure203,conj,-475.75062655,0.00051916,0.2592,0.55,0.2592,True,52,0,,,-1
rat_structure204,conj,-475.75062611,0.00046516,0.3417,0.55,0.3417,True,70,0,,,-1
rat_structure205,conj,-475.75063191,0.00043367,0.2114,0.55,0.2114,True,41,0,,,-1
rat_structure206,conj,-475.75062997,0.00059954,0.1583,0.55,0.1583,True,30,0,,,-1
rat_structure207,conj,-475.75063437,0.00050127,0.1066,0.55,0.1066,True,17,0,,,-1
rat_structure208,conj,-475.75063192,0.00041427,0.1599,0.55,0.16,True,30,0,,,-1
rat_structure209,conj,-475.75063588,0.00033517,0.1619,0.55,0.1619,True,29,0,,,-1
rat_structure210,conj,-475.7506354,0.00038165,0.1614,0.55,0.1614,True,30,0,,,-1
rat_structure211,conj,-475.75063564,0.00047126,0.1662,0.55,0.1662,True,31,0,,,-1
rat_structure212,conj,-475.75062929,0.00048014,0.2036,0.55,0.2037,True,40,0,,,-1
rat_structure213,conj,-475.75062943,0.0005751,0.2089,0.55,0.2089,True,42,0,,,-1
rat_structure214,conj,-475.75063058,0.00051096,0.2489,0.55,0.2489,True,51,0,,,-1
rat_structure215,conj,-475.75063588,0.00032503,0.1601,0.55,0.1601,True,30,0,,,-1
rat_structure216,conj,-475.75063048,0.0004297,0.2926,0.55,0.2926,True,61,0,,,-1
rat_structure217,conj,-475.75063289,0.00043513,0.1559,0.55,0.1559,True,29,0,,,-1
rat_structure218,conj,-475.75062944,0.00056917,0.2993,0.55,0.2994,True,60,0,,,-1
rat_structure219,conj,-475.75062878,0.00065626,0.1547,0.55,0.1547,True,29,0,,,-1
rat_structure220,conj,-475.75063123,0.00043519,0.2031,0.55,0.2031,True,40,0,,,-1
rat_structure221,conj,-475.75063859,0.00046239,0.1451,0.55,0.1451,True,27,0,,,-1
rat_structure222,conj,-475.75063848,0.00027315,0.1486,0.55,0.1486,True,27,0,,,-1
rat_structure223,conj,-475.75063418,0.00035821,0.1597,0.55,0.1597,True,30,0,,,-1
rat_structure224,conj,-475.75063541,0.00048497,0.1638,0.55,0.1638,True,31,0,,,-1
rat_structure225,conj,-475.75063607,0.0004466,0.1642,0.55,0.1642,True,31,0,,,-1
rat_structure226,conj,-475.75063566,0.00045087,0.1453,0.55,0.1453,True,26,0,,,-1
rat_structure227,conj,-475.75063195,0.00048725,0.3277,0.55,0.3277,True,67,0,,,-1
rat_structure228,conj,-475.75063431,0.00044236,0.3931,0.55,0.3931,True,84,0,,,-1
rat_structure229,conj,-475.75063581,0.00054098,0.1713,0.55,0.1713,True,33,0,,,-1
rat_structure230,conj,-475.7506331,0.00042328,0.1659,0.55,0.1659,True,31,0,,,-1
rat_structure231,conj,-475.75063587,0.00039622,0.1577,0.55,0.1577,True,30,0,,,-1
rat_structure232,conj,-475.7506316,0.00058707,0.2746,0.55,0.2746,True,57,0,,,-1
rat_structure233,conj,-475.75063027,0.00047434,0.1602,0.55,0.1602,True,30,0,,,-1
rat_structure234,conj,-475.75063835,0.00035794,0.1541,0.55,0.1541,True,28,0,,,-1
rat_structure235,conj,-475.75063642,0.00040326,0.1467,0.55,0.1467,True,26,0,,,-1
rat_structure236,conj,-475.75063355,0.00032299,0.2083,0.55,0.2083,True,41,0,,,-1
rat_structure237,conj,-475.75062332,0.00058023,0.207,0.55,0.207,True,40,0,,,-1
rat_structure238,conj,-475.75062936,0.00050679,0.1644,0.55,0.1644,True,31,0,,,-1
rat_structure239,conj,-475.75062833,0.00046725,0.1186,0.55,0.1186,True,21,0,,,-1
rat_structure240,conj,-475.75063123,0.00043008,0.1615,0.55,0.1615,True,30,0,,,-1
rat_structure241,conj,-475.75063809,0.00036042,0.1566,0.55,0.1566,True,29,0,,,-1
rat_structure242,conj,-475.75063787,0.00027499,0.1576,0.55,0.1577,True,30,0,,,-1
rat_structure243,conj,-475.75063461,0.00044288,0.1587,0.55,0.1587,True,29,0,,,-1
rat_structure244,conj,-475.75063499,0.00038111,0.1619,0.55,0.1619,True,30,0,,,-1
rat_structure245,conj,-475.75063736,0.00037748,0.1162,0.55,0.1162,True,20,0,,,-1
rat_structure246,conj,-475.75063705,0.00038151,0.1423,0.55,0.1423,True,26,0,,,-1
rat_structure247,conj,-475.7506353,0.00036061,0.1483,0.55,0.1483,True,27,0,,,-1
rat_structure248,conj,-475.7506357,0.00041788,0.1597,0.55,0.1597,True,30,0,,,-1
rat_structure249,conj,-475.75063711,0.00046304,0.1455,0.55,0.1456,True,26,0,,,-1
rat_structure250,conj,-475.75063106,0.00048973,0.1677,0.55,0.1677,True,32,0,,,-1
rat_structure251,conj,-475.7506382,0.00034999,0.148,0.55,0.1481,True,27,0,,,-1
rat_structure252,conj,-475.75063739,0.00045372,0.1168,0.55,0.1168,True,20,0,,,-1
rat_structure253,conj,-475.75063642,0.00038298,0.1604,0.55,0.1604,True,29,0,,,-1
rat_structure254,conj,-475.75063697,0.00047721,0.1512,0.55,0.1512,True,28,0,,,-1
rat_structure255,conj,-475.75063443,0.00050648,0.1187,0.55,0.1187,True,20,0,,,-1
rat_structure256,conj,-475.75063428,0.00048598,0.1149,0.55,0.1149,True,19,0,,,-1
rat_structure257,conj,-475.75063572,0.00044791,0.1581,0.55,0.1582,True,30,0,,,-1
rat_structure258,conj,-475.75063578,0.00036351,0.1559,0.55,0.1559,True,29,0,,,-1
rat_structure259,conj,-475.75063404,0.00041749,0.2503,0.55,0.2503,True,51,0,,,-1
rat_structure260,conj,-475.75063653,0.00043542,0.1656,0.55,0.1656,True,31,0,,,-1
rat_structure261,conj,-475.75063563,0.00038911,0.118,0.55,0.118,True,20,0,,,-1
rat_structure262,conj,-475.75063685,0.00034312,0.1217,0.55,0.1217,True,21,0,,,-1
rat_structure263,conj,-475.75062902,0.00051696,0.3617,0.55,0.3618,True,76,0,,,-1
rat_structure264,conj,-475.75063815,0.00030461,0.1523,0.55,0.1523,True,29,0,,,-1
rat_structure265,conj,-475.75063494,0.00044301,0.1522,0.55,0.1522,True,28,0,,,-1
rat_structure266,conj,-475.75063228,0.00037608,0.1546,0.55,0.1546,True,29,0,,,-1
rat_structure267,conj,-475.75063474,0.00036257,0.118,0.55,0.118,True,20,0,,,-1
rat_structure268,conj,-475.75063649,0.00047794,0.1268,0.55,0.1269,True,20,0,,,-1
rat_structure269,conj,-475.75063341,0.00029468,0.2069,0.55,0.2069,True,40,0,,,-1
rat_structure270,conj,-475.75063501,0.00039278,0.1694,0.55,0.1694,True,31,0,,,-1
rat_structure271,conj,-475.75063066,0.0004517,0.2152,0.55,0.2152,True,42,0,,,-1
rat_structure272,conj,-475.75063667,0.00052333,0.1234,0.55,0.1234,True,21,0,,,-1
rat_structure273,conj,-475.75063672,0.00046893,0.1499,0.55,0.1499,True,27,0,,,-1
rat_structure274,conj,-475.75063759,0.00032911,0.1461,0.55,0.1461,True,26,0,,,-1
rat_structure275,conj,-475.75063579,0.0003871,0.1168,0.55,0.1168,True,20,0,,,-1
rat_structure276,conj,-475.75063511,0.00036226,0.164,0.55,0.1641,True,31,0,,,-1
rat_structure277,conj,-475.75063331,0.00039545,0.1602,0.55,0.1603,True,30,0,,,-1
rat_structure278,conj,-475.75063567,0.00050254,0.1486,0.55,0.1486,True,26,0,,,-1
rat_structure279,conj,-475.75063817,0.00038313,0.128,0.55,0.128,True,23,0,,,-1
rat_structure280,conj,-475.75063811,0.00029845,0.1536,0.55,0.1536,True,28,0,,,-1
rat_structure281,conj,-475.75062727,0.00050661,0.1672,0.55,0.1672,True,31,0,,,-1
rat_structure282,conj,-475.75062861,0.00038365,0.2596,0.55,0.2596,True,52,0,,,-1
rat_structure283,conj,-475.75063219,0.00042113,0.2036,0.55,0.2036,True,40,0,,,-1
rat_structure284,conj,-475.75063578,0.00029165,0.2805,0.55,0.2805,True,56,0,,,-1
rat_structure285,conj,-475.75062833,0.00051283,0.3428,0.55,0.3428,True,71,0,,,-1
rat_structure286,conj,-475.75062938,0.00051703,0.2013,0.55,0.2014,True,39,0,,,-1
rat_structure287,conj,-475.75063481,0.00045508,0.1819,0.55,0.1819,True,35,0,,,-1
rat_structure288,conj,-475.75063756,0.00065396,0.15,0.55,0.15,True,27,0,,,-1
rat_structure289,conj,-475.75063047,0.00053604,0.1905,0.55,0.1905,True,33,0,,,-1
rat_structure290,conj,-475.75063841,0.00047112,0.1603,0.55,0.1603,True,28,0,,,-1
rat_structure291,conj,-475.75063325,0.00050817,0.1793,0.55,0.1793,True,34,0,,,-1
rat_structure292,conj,-475.75062583,0.00045575,0.332,0.55,0.3321,True,70,0,,,-1
rat_structure293,conj,-475.7506347,0.00045336,0.1615,0.55,0.1615,True,30,0,,,-1
rat_structure294,conj,-475.7506318,0.000593,0.1205,0.55,0.1205,True,21,0,,,-1
rat_structure295,conj,-475.75063104,0.00053949,0.3019,0.55,0.3019,True,60,0,,,-1
rat_structure296,conj,-475.75063301,0.00032852,0.354,0.55,0.354,True,70,0,,,-1
rat_structure297,conj,-475.75063344,0.00043355,0.409,0.55,0.409,True,86,0,,,-1
rat_structure298,conj,-475.75062431,0.00048747,0.2428,0.55,0.2428,True,49,0,,,-1
rat_structure299,conj,-475.75063758,0.00024893,0.1618,0.55,0.1618,True,30,0,,,-1
rat_structure300,conj,-475.7506346,0.00043208,0.1678,0.55,0.1678,True,31,0,,,-1
rat_structure301,conj,-475.75063307,0.00046691,0.1596,0.55,0.1596,True,29,0,,,-1
rat_structure302,conj,-475.75063276,0.00043152,0.1721,0.55,0.1722,True,30,0,,,-1
rat_structure303,conj,-475.75062577,0.000507,0.1623,0.55,0.1623,True,30,0,,,-1
rat_structure304,conj,-475.75063409,0.00042649,0.2415,0.55,0.2415,True,49,0,,,-1
rat_structure305,conj,-475.75063164,0.00039899,0.2946,0.55,0.2947,True,60,0,,,-1
rat_structure306,conj,-475.75063011,0.00049931,0.1455,0.55,0.1455,True,26,0,,,-1
rat_structure307,conj,-475.75063321,0.00049439,0.2362,0.55,0.2362,True,47,0,,,-1
rat_structure308,conj,-475.75063096,0.00044566,0.2511,0.55,0.2511,True,50,0,,,-1
rat_structure309,conj,-475.7506278,0.00047441,0.2831,0.55,0.2831,True,55,0,,,-1
rat_structure310,conj,-475.75063746,0.00042854,0.1709,0.55,0.171,True,31,0,,,-1
rat_structure311,conj,-475.75063106,0.00046252,0.1595,0.55,0.1595,True,29,0,,,-1
rat_structure312,conj,-475.75063404,0.0003631,0.2671,0.55,0.2671,True,54,0,,,-1
rat_structure313,conj,-475.75063059,0.00054192,0.4475,0.55,0.4476,True,97,0,,,-1
rat_structure314,conj,-475.75062696,0.0004073,0.2533,0.55,0.2533,True,50,0,,,-1
rat_structure315,conj,-475.75063114,0.0004151,0.451,0.55,0.451,True,90,0,,,-1
rat_structure316,conj,-475.75062863,0.00052017,0.1604,0.55,0.1604,True,30,0,,,-1
rat_structure317,conj,-475.75063816,0.00050013,0.1657,0.55,0.1657,True,31,0,,,-1
rat_structure318,conj,-475.75063133,0.00040917,0.1546,0.55,0.1546,True,29,0,,,-1
rat_structure319,conj,-475.75063111,0.00033908,0.2522,0.55,0.2522,True,50,0,,,-1
rat_structure320,conj,-475.75063553,0.00039384,0.1543,0.55,0.1543,True,29,0,,,-1
rat_structure321,conj,-475.75062741,0.00048038,0.5779,0.55,0.5779,True,126,0,,,-1
rat_structure322,conj,-475.75063093,0.00050617,0.9286,0.55,0.9286,True,200,0,,,-1
rat_structure323,conj,-475.75061842,0.00052619,0.4227,0.55,0.4228,True,90,0,,,-1
rat_structure324,conj,-475.75063163,0.00039653,0.6383,0.55,0.6383,True,131,0,,,-1
rat_structure325,conj,-475.75063126,0.00043309,0.6982,0.55,0.6982,True,151,0,,,-1
rat_structure326,conj,-475.75063362,0.00030943,0.4049,0.55,0.4049,True,86,0,,,-1
rat_structure327,conj,-475.75061584,0.00068316,0.5214,0.55,0.5214,True,111,0,,,-1
rat_structure328,conj,-475.75063045,0.00042122,0.6303,0.55,0.6303,True,130,0,,,-1
rat_structure329,conj,-475.7506323,0.00046135,0.9069,0.55,0.9069,True,201,0,,,-1
rat_structure330,conj,-475.75063062,0.00062651,0.5268,0.55,0.5268,True,111,0,,,-1
rat_structure331,conj,-475.75063113,0.00041862,0.4749,0.55,0.4749,True,101,0,,,-1
rat_structure332,conj,-475.75062035,0.00054462,0.5505,0.55,0.5505,True,116,0,,,-1
rat_structure333,conj,-475.7506258,0.00045277,0.4808,0.55,0.4808,True,99,0,,,-1
rat_structure334,conj,-475.75063466,0.00028221,0.7728,0.55,0.7728,True,163,0,,,-1
rat_structure335,conj,-475.75063106,0.00051948,0.6097,0.55,0.6097,True,131,0,,,-1
rat_structure336,conj,-475.75062217,0.00054237,0.6922,0.55,0.6922,True,151,0,,,-1
rat_structure337,conj,-475.75060997,0.00063828,0.6009,0.55,0.6009,True,130,0,,,-1
rat_structure338,conj,-475.75062703,0.00050277,0.5707,0.55,0.5707,True,121,0,,,-1
rat_structure339,conj,-475.75062306,0.00051096,0.7472,0.55,0.7472,True,160,0,,,-1
rat_structure340,conj,-475.75060842,0.00057655,0.4774,0.55,0.4775,True,101,0,,,-1
rat_structure341,conj,-475.75060342,0.00068341,0.3461,0.55,0.3461,True,71,0,,,-1
rat_structure342,conj,-475.75063009,0.00032506,0.4806,0.55,0.4806,True,101,0,,,-1
rat_structure343,conj,-475.75062062,0.00056613,0.6429,0.55,0.6429,True,141,0,,,-1
rat_structure344,conj,-475.75061128,0.00063986,0.7176,0.55,0.7176,True,151,0,,,-1
rat_structure345,conj,-475.75062883,0.00051389,0.7191,0.55,0.7191,True,153,0,,,-1
rat_structure346,conj,-475.75062277,0.00056828,0.4295,0.55,0.4295,True,91,0,,,-1
rat_structure347,conj,-475.75063052,0.00047403,0.5773,0.55,0.5773,True,121,0,,,-1
rat_structure348,conj,-475.75062067,0.00053311,0.7105,0.55,0.7105,True,151,0,,,-1
rat_structure349,conj,-475.75062418,0.00056037,0.4706,0.55,0.4706,True,101,0,,,-1
rat_structure350,conj,-475.7506247,0.00057967,0.7419,0.55,0.742,True,161,0,,,-1
rat_structure351,conj,-475.75063123,0.00051169,0.5888,0.55,0.5889,True,126,0,,,-1
rat_structure352,conj,-475.75062896,0.00047573,0.5702,0.55,0.5702,True,120,0,,,-1
rat_structure353,conj,-475.75061804,0.00058983,0.6186,0.55,0.6186,True,130,0,,,-1
rat_structure354,conj,-475.75062501,0.0005813,0.5617,0.55,0.5617,True,122,0,,,-1
rat_structure355,conj,-475.75063283,0.00038163,0.8478,0.55,0.8478,True,186,0,,,-1
rat_structure356,conj,-475.75063166,0.00047175,0.6505,0.55,0.6505,True,142,0,,,-1
rat_structure357,conj,-475.75062771,0.00043583,0.5741,0.55,0.5741,True,121,0,,,-1
rat_structure358,conj,-475.75062966,0.00198826,0.5546,0.55,0.5546,False,120,0,"  **** Too many failed attempts to optimise ****
",,-1
rat_structure359,conj,-475.75062662,0.00042832,0.6565,0.55,0.6565,True,140,0,,,-1
rat_structure360,conj,-475.7506337,0.00045552,0.8593,0.55,0.8593,True,186,0,,,-1
rat_structure361,conj,-475.7471922,0.02260043,0.6185,0.55,0.6185,False,126,0,"  **** Too many failed attempts to optimise ****
",,-1
rat_structure362,conj,-475.75062589,0.00056244,1.0162,0.55,1.0162,True,221,0,,,-1
rat_structure363,conj,-475.75062939,0.00040367,1.2396,0.55,1.2396,True,269,0,,,-1
rat_structure364,conj,-475.75063339,0.00047875,1.301,0.55,1.301,True,280,0,,,-1
rat_structure365,conj,-475.75062799,0.00047988,1.1491,0.55,1.1491,True,249,0,,,-1
rat_structure366,conj,-475.75062441,0.00050946,1.376,0.55,1.376,True,300,0,,,-1
rat_structure367,conj,-475.75062097,0.00057052,1.1576,0.55,1.1576,True,251,0,,,-1
rat_structure368,conj,-475.75062924,0.00053908,1.259,0.55,1.259,True,277,0,,,-1
rat_structure369,conj,-475.75063037,0.00047503,1.1059,0.55,1.1059,True,241,0,,,-1
rat_structure370,conj,-475.75062222,0.00046854,1.3195,0.55,1.3195,True,290,0,,,-1
rat_structure371,conj,-475.75059705,0.00451895,1.0055,0.55,1.0055,False,216,0,"  **** Too many failed attempts to optimise ****
",,-1
rat_structure372,conj,-475.75063239,0.00055641,1.5315,0.55,1.5315,True,329,0,,,-1
rat_structure373,conj,-475.75063153,0.00050486,1.2904,0.55,1.2904,True,280,0,,,-1
rat_structure374,conj,-475.75062701,0.00051573,1.02,0.55,1.02,True,220,0,,,-1
rat_structure375,conj,-475.75062569,0.00043627,1.3907,0.55,1.3907,True,301,0,,,-1
rat_structure376,conj,-475.75062982,0.00056328,1.5059,0.55,1.506,True,321,0,,,-1
rat_structure377,conj,-475.74949838,0.02376512,0.6886,0.55,0.6886,False,146,0,"  **** Too many failed attempts to optimise ****
",,-1
rat_structure378,conj,-475.75062539,0.00058982,0.9514,0.55,0.9514,True,201,0,,,-1
rat_structure379,conj,-475.75062406,0.00055164,1.0512,0.55,1.0512,True,230,0,,,-1
rat_structure380,conj,-475.75062771,0.00039029,1.3144,0.55,1.3144,True,290,0,,,-1
rat_structure381,conj,-475.74975317,0.01572318,0.8602,0.55,0.8602,False,176,0,"  **** Too many failed attempts to optimise ****
",,-1
rat_structure382,conj,-475.75061137,0.00060423,1.2027,0.55,1.2027,True,260,0,,,-1
rat_structure383,conj,-475.75062506,0.00049487,1.1901,0.55,1.1902,True,260,0,,,-1
rat_structure384,conj,-475.75062508,0.00049606,1.3373,0.55,1.3373,True,292,0,,,-1
rat_structure385,conj,-475.75058594,0.0025405,1.0702,0.55,1.0702,False,226,0,"  **** Too many failed attempts to optimise ****
",,-1
rat_structure386,conj,-475.75061969,0.00058636,1.1556,0.55,1.1557,True,250,0,,,-1
rat_structure387,conj,-475.75062052,0.00054745,1.3444,0.55,1.3444,True,289,0,,,-1
rat_structure388,conj,-475.7506244,0.000386,1.3589,0.55,1.359,True,289,0,,,-1
rat_structure389,conj,-475.75062871,0.00045152,0.8535,0.55,0.8535,True,181,0,,,-1
rat_structure390,conj,-475.75063024,0.00042035,1.5578,0.55,1.5578,True,330,0,,,-1
rat_structure391,conj,-475.74907024,0.01781867,0.7323,0.55,0.7324,False,155,0,"  **** Too many failed attempts to optimise ****
",,-1
rat_structure392,conj,-475.75063182,0.00050562,1.4396,0.55,1.4396,True,319,0,,,-1
rat_structure393,conj,-475.75061487,0.00059038,1.1122,0.55,1.1122,True,241,0,,,-1
rat_structure394,conj,-475.74890821,0.0346622,0.839,0.55,0.839,False,176,0,"  **** Too many failed attempts to optimise ****
",,-1
rat_structure395,conj,-475.75062886,0.00042892,0.6791,0.55,0.6791,True,141,0,,,-1
rat_structure396,conj,-475.75062778,0.00040101,1.3077,0.55,1.3077,True,281,0,,,-1
rat_structure397,conj,-475.75062908,0.00047921,1.3258,0.55,1.3258,True,281,0,,,-1
rat_structure398,conj,-475.75061164,0.00053389,0.7947,0.55,0.7947,True,171,0,,,-1
rat_structure399,conj,-475.74566709,0.02676522,0.6424,0.55,0.6425,False,136,0,"  **** Too many failed attempts to optimise ****
",,-1
rat_structure400,conj,-475.75062406,0.00048787,1.3066,0.55,1.3067,True,270,0,,,-1
structure1,switch,-471.60495496,7.409E-05,1.3687,0.6,1.3687,True,169,6,,"switch_minimiser bfgs gnorm 0.1
",142
structure2,switch,-471.70209846,1.918E-05,2.3628,0.6,2.3628,True,264,14,,"switch_minimiser bfgs gnorm 0.1
",129
structure3,switch,-470.83975729,0.00030648,2.4109,0.6,2.4109,True,250,18,,"switch_minimiser bfgs gnorm 0.1
",95
structure4,switch,-469.74978143,0.00037641,0.7784,0.6,0.7784,True,84,2,,"switch_minimiser bfgs gnorm 0.1
",67
structure5,switch,-465.48645408,0.00028774,4.8708,0.6,4.8708,True,446,25,,"switch_minimiser bfgs gnorm 0.1
",231
structure6,switch,-470.37631567,0.00022074,0.7052,0.6,0.7053,True,79,1,,"switch_minimiser bfgs gnorm 0.1
",74
structure7,switch,-468.30674913,0.0001798,1.2636,0.6,1.2637,True,150,2,,"switch_minimiser bfgs gnorm 0.1
",136
structure8,switch,-469.24523991,0.00036299,0.9746,0.6,0.9746,True,119,1,,"switch_minimiser bfgs gnorm 0.1
",113
structure9,switch,inf,0,0.9411,0.56,0.9411,False,199,0,"  **** Too many failed attempts to optimise ****
","switch_minimiser bfgs gnorm 0.1
",-1
structure10,switch,-468.75270325,0.00031516,1.706,0.6,1.706,True,202,14,,"switch_minimiser bfgs gnorm 0.1
",74
structure11,switch,-466.53619415,6.49E-05,1.492,0.6,1.492,True,188,10,,"switch_minimiser bfgs gnorm 0.1
",91
structure12,switch,-468.27442892,0.00051181,1.3023,0.6,1.3023,True,125,2,,"switch_minimiser bfgs gnorm 0.1
",117
structure14,switch,-469.83854401,0.00029082,1.1681,0.6,1.1681,True,161,9,,"switch_minimiser bfgs gnorm 0.1
",104
structure15,switch,-469.35403227,0.00036878,1.4413,0.6,1.4413,True,164,1,,"switch_minimiser bfgs gnorm 0.1
",156
structure16,switch,inf,0,0.1475,0.56,0.1476,False,21,0,"  **** Too many failed attempts to optimise ****
","switch_minimiser bfgs gnorm 0.1
",-1
structure17,switch,-475.75063907,0.00019242,3.8334,0.6,3.8334,True,303,25,,"switch_minimiser bfgs gnorm 0.1
",129
structure18,switch,-470.07920236,0.00026329,0.9155,0.6,0.9155,True,110,5,,"switch_minimiser bfgs gnorm 0.1
",94
structure19,switch,-472.19899907,0.00054019,1.321,0.6,1.3211,True,164,5,,"switch_minimiser bfgs gnorm 0.1
",120
structure20,switch,-470.41131424,0.00033596,0.9452,0.6,0.9452,True,123,5,,"switch_minimiser bfgs gnorm 0.1
",82
structure21,switch,inf,0,0.1753,0.56,0.1753,False,23,0,"  **** Too many failed attempts to optimise ****
","switch_minimiser bfgs gnorm 0.1
",-1
structure22,switch,-472.05760964,0.00013402,2.4602,0.6,2.4602,True,231,6,,"switch_minimiser bfgs gnorm 0.1
",181
structure23,switch,-469.0494547,0.00023383,1.5541,0.6,1.5541,True,167,8,,"switch_minimiser bfgs gnorm 0.1
",109
structure24,switch,-471.35892199,0.00054868,0.7691,0.6,0.7691,True,101,1,,"switch_minimiser bfgs gnorm 0.1
",94
structure25,switch,-470.11916239,0.00011868,1.1759,0.6,1.1759,True,122,6,,"switch_minimiser bfgs gnorm 0.1
",84
structure26,switch,-466.82564125,0.00035958,1.0933,0.6,1.0933,True,139,3,,"switch_minimiser bfgs gnorm 0.1
",121
structure27,switch,-470.11657681,0.00051069,1.5503,0.6,1.5503,True,175,8,,"switch_minimiser bfgs gnorm 0.1
",111
structure28,switch,-468.46757929,0.00053392,0.9414,0.6,0.9415,True,133,3,,"switch_minimiser bfgs gnorm 0.1
",113
structure29,switch,-467.63037587,4.776E-05,0.5905,0.6,0.5905,True,93,2,,"switch_minimiser bfgs gnorm 0.1
",80
structure30,switch,-469.34372148,0.0001684,1.8523,0.6,1.8523,True,217,10,,"switch_minimiser bfgs gnorm 0.1
",151
structure31,switch,-467.9720927,0.00041542,0.9949,0.6,0.9949,True,134,4,,"switch_minimiser bfgs gnorm 0.1
",102
structure32,switch,-468.68988085,0.00041439,0.6647,0.6,0.6647,True,102,1,,"switch_minimiser bfgs gnorm 0.1
",95
structure33,switch,-468.42153024,0.00030879,1.1624,0.6,1.1624,True,156,4,,"switch_minimiser bfgs gnorm 0.1
",137
structure34,switch,-467.91875084,0.00042146,1.3552,0.6,1.3552,True,178,6,,"switch_minimiser bfgs gnorm 0.1
",131
structure35,switch,-471.04267497,0.0003459,1.9309,0.6,1.9309,True,265,19,,"switch_minimiser bfgs gnorm 0.1
",129
structure36,switch,-470.43897539,0.00026976,1.2345,0.6,1.2346,True,145,5,,"switch_minimiser bfgs gnorm 0.1
",119
structure37,switch,-468.96666387,0.000351,0.9583,0.6,0.9583,True,108,3,,"switch_minimiser bfgs gnorm 0.1
",79
structure38,switch,-469.67836637,0.00033906,1.2055,0.6,1.2055,True,128,4,,"switch_minimiser bfgs gnorm 0.1
",99
structure39,switch,-467.45364094,0.0003335,1.1889,0.6,1.1889,True,154,3,,"switch_minimiser bfgs gnorm 0.1
",130
structure40,switch,-469.36913359,0.00313448,11.8804,0.6,11.8804,False,1000,119,"  **** Maximum number of function calls has been reached ****
","switch_minimiser bfgs gnorm 0.1
",90
structure41,switch,-469.30321863,0.0003128,1.043,0.6,1.043,True,134,6,,"switch_minimiser bfgs gnorm 0.1
",79
structure42,switch,-468.92118304,0.00038915,2.0751,0.6,2.0751,True,203,4,,"switch_minimiser bfgs gnorm 0.1
",179
structure43,switch,-468.69920926,0.00028255,0.5804,0.6,0.5804,True,66,1,,"switch_minimiser bfgs gnorm 0.1
",59
structure44,switch,-467.81645033,0.0001651,3.2998,0.6,3.2998,True,377,4,,"switch_minimiser bfgs gnorm 0.1
",362
structure45,switch,-469.69720778,0.00021847,0.7099,0.6,0.7099,True,97,1,,"switch_minimiser bfgs gnorm 0.1
",89
structure46,switch,-470.54308776,0.00034532,0.9723,0.6,0.9724,True,100,3,,"switch_minimiser bfgs gnorm 0.1
",81
structure47,switch,-469.48304298,0.000219,2.5023,0.6,2.5024,True,261,1,,"switch_minimiser bfgs gnorm 0.1
",255
structure48,switch,-467.73044445,0.00042622,0.708,0.6,0.708,True,105,3,,"switch_minimiser bfgs gnorm 0.1
",84
structure49,switch,-467.91024514,0.0004314,1.6021,0.6,1.6021,True,181,2,,"switch_minimiser bfgs gnorm 0.1
",164
structure50,switch,-470.81970733,6.528E-05,0.9273,0.6,0.9273,True,116,5,,"switch_minimiser bfgs gnorm 0.1
",80
structure51,switch,-469.48304299,0.00012426,1.729,0.6,1.729,True,192,6,,"switch_minimiser bfgs gnorm 0.1
",166
structure52,switch,-469.2487836,0.00034045,1.2379,0.6,1.238,True,172,1,,"switch_minimiser bfgs gnorm 0.1
",162
structure53,switch,inf,0,1.014,0.56,1.014,False,209,0,"  **** Too many failed attempts to optimise ****
","switch_minimiser bfgs gnorm 0.1
",-1
structure54,switch,-470.25105147,0.00042937,1.3839,0.6,1.3839,True,138,9,,"switch_minimiser bfgs gnorm 0.1
",59
structure55,switch,-467.73110987,0.00043024,1.3251,0.6,1.3251,True,160,7,,"switch_minimiser bfgs gnorm 0.1
",115
structure56,switch,-465.67326228,0.01946162,5.6991,0.6,5.6991,False,619,105,"  **** Conditions for a minimum have not been satisfied. However ****
  **** no lower point can be found - treat results with caution  ****
  **** unless gradient norm is small (less than 0.1)             ****
","switch_minimiser bfgs gnorm 0.1
",200
structure57,switch,-472.66856778,0.00012511,0.6103,0.6,0.6103,True,82,1,,"switch_minimiser bfgs gnorm 0.1
",77
structure58,switch,-470.3087773,0.00032471,1.0982,0.6,1.0982,True,131,2,,"switch_minimiser bfgs gnorm 0.1
",120
structure59,switch,-468.96038966,0.00049846,1.1236,0.6,1.1236,True,128,8,,"switch_minimiser bfgs gnorm 0.1
",72
structure60,switch,-464.46033413,0.0001942,0.9702,0.6,0.9702,True,142,4,,"switch_minimiser bfgs gnorm 0.1
",113
structure61,switch,-469.18151202,0.00011404,1.1101,0.6,1.1101,True,119,2,,"switch_minimiser bfgs gnorm 0.1
",101
structure62,switch,-470.5490554,0.00026057,1.9841,0.6,1.9842,True,209,14,,"switch_minimiser bfgs gnorm 0.1
",102
structure63,switch,-469.68257466,0.00037974,0.8605,0.6,0.8605,True,126,1,,"switch_minimiser bfgs gnorm 0.1
",117
structure64,switch,-470.60770216,0.00031672,1.656,0.6,1.656,True,190,4,,"switch_minimiser bfgs gnorm 0.1
",153
structure65,switch,-475.75063913,6.526E-05,0.7535,0.6,0.7535,True,110,1,,"switch_minimiser bfgs gnorm 0.1
",107
structure66,switch,-469.58907651,0.0003198,1.8407,0.6,1.8407,True,200,3,,"switch_minimiser bfgs gnorm 0.1
",186
structure67,switch,-470.16125027,0.00033029,1.6504,0.6,1.6504,True,172,17,,"switch_minimiser bfgs gnorm 0.1
",49
structure68,switch,-469.55198131,0.00030015,3.0204,0.6,3.0204,True,312,1,,"switch_minimiser bfgs gnorm 0.1
",304
structure69,switch,-470.05603349,0.00027542,0.9263,0.6,0.9263,True,136,10,,"switch_minimiser bfgs gnorm 0.1
",59
structure70,switch,-466.70342584,0.00026023,1.4069,0.6,1.407,True,139,4,,"switch_minimiser bfgs gnorm 0.1
",101
structure71,switch,-472.15865622,0.00020077,1.7982,0.6,1.7983,True,232,1,,"switch_minimiser bfgs gnorm 0.1
",227
structure72,switch,-469.39110494,0.00022923,0.7415,0.6,0.7415,True,87,3,,"switch_minimiser bfgs gnorm 0.1
",67
structure73,switch,-467.11345242,0.00051573,2.1968,0.6,2.1968,True,247,15,,"switch_minimiser bfgs gnorm 0.1
",132
structure74,switch,-469.74624568,0.00037252,1.0886,0.6,1.0886,True,132,4,,"switch_minimiser bfgs gnorm 0.1
",99
structure75,switch,-469.110332,0.00014879,2.4973,0.6,2.4974,True,333,27,,"switch_minimiser bfgs gnorm 0.1
",114
structure76,switch,-466.5985561,0.00040378,1.2772,0.6,1.2772,True,157,5,,"switch_minimiser bfgs gnorm 0.1
",121
structure77,switch,-470.54671434,0.00035427,1.6186,0.6,1.6186,True,177,8,,"switch_minimiser bfgs gnorm 0.1
",111
structure78,switch,-468.24237268,0.00023794,0.8814,0.6,0.8814,True,96,1,,"switch_minimiser bfgs gnorm 0.1
",89
structure79,switch,-466.78347283,0.0003139,0.9023,0.6,0.9023,True,95,2,,"switch_minimiser bfgs gnorm 0.1
",83
structure80,switch,-470.75949766,0.00024749,2.863,0.6,2.863,True,418,41,,"switch_minimiser bfgs gnorm 0.1
",92
structure81,switch,-466.94535844,0.00048421,1.8282,0.6,1.8283,True,259,13,,"switch_minimiser bfgs gnorm 0.1
",150
structure82,switch,-469.64852826,0.00017967,2.5596,0.6,2.5596,True,235,8,,"switch_minimiser bfgs gnorm 0.1
",180
structure83,switch,-469.64854016,0.00013027,0.9446,0.6,0.9446,True,113,1,,"switch_minimiser bfgs gnorm 0.1
",109
structure84,switch,-468.81640737,0.00037431,0.9639,0.6,0.9639,True,138,3,,"switch_minimiser bfgs gnorm 0.1
",126
structure85,switch,-469.68511909,0.00030108,0.8206,0.6,0.8206,True,106,3,,"switch_minimiser bfgs gnorm 0.1
",89
structure86,switch,-468.53117254,0.00022381,0.7915,0.6,0.7915,True,104,3,,"switch_minimiser bfgs gnorm 0.1
",74
structure87,switch,-467.41562347,0.00026671,1.2687,0.6,1.2687,True,171,1,,"switch_minimiser bfgs gnorm 0.1
",164
structure88,switch,-470.28556417,0.00037072,0.813,0.6,0.813,True,98,1,,"switch_minimiser bfgs gnorm 0.1
",89
structure89,switch,inf,0,0.2424,0.56,0.2425,False,37,0,"  **** Too many failed attempts to optimise ****
","switch_minimiser bfgs gnorm 0.1
",-1
structure90,switch,-470.81682232,0.00026821,0.9532,0.6,0.9533,True,123,3,,"switch_minimiser bfgs gnorm 0.1
",111
structure91,switch,-468.10293637,0.00026987,1.391,0.6,1.3911,True,160,2,,"switch_minimiser bfgs gnorm 0.1
",140
structure92,switch,-473.85897551,0.00024045,2.0875,0.6,2.0876,True,282,4,,"switch_minimiser bfgs gnorm 0.1
",251
structure93,switch,-466.9620404,0.18578699,3.0769,0.6,3.0769,False,297,36,"  **** Conditions for a minimum have not been satisfied. However ****
  **** no lower point can be found - treat results with caution  ****
  **** unless gradient norm is small (less than 0.1)             ****
","switch_minimiser bfgs gnorm 0.1
",66
structure94,switch,-470.46842701,0.00015319,2.0114,0.6,2.0114,True,271,9,,"switch_minimiser bfgs gnorm 0.1
",200
structure95,switch,-471.03029296,0.00015069,1.8184,0.6,1.8185,True,209,13,,"switch_minimiser bfgs gnorm 0.1
",98
structure96,switch,-470.2624224,0.00037895,1.6046,0.6,1.6046,True,178,10,,"switch_minimiser bfgs gnorm 0.1
",92
structure97,switch,-469.73616656,0.00023779,0.6366,0.6,0.6366,True,98,1,,"switch_minimiser bfgs gnorm 0.1
",89
structure98,switch,-471.00649403,8.98E-05,0.7704,0.6,0.7704,True,94,2,,"switch_minimiser bfgs gnorm 0.1
",86
structure99,switch,-467.63927581,0.00031756,1.2184,0.6,1.2185,True,143,8,,"switch_minimiser bfgs gnorm 0.1
",102
structure100,switch,-470.79206412,0.00024159,0.4263,0.6,0.4263,True,58,1,,"switch_minimiser bfgs gnorm 0.1
",51
structure101,switch,-467.68090028,0.00019157,1.0198,0.6,1.0199,True,117,8,,"switch_minimiser bfgs gnorm 0.1
",67
structure102,switch,-470.77288996,0.00035749,1.2609,0.6,1.2609,True,136,2,,"switch_minimiser bfgs gnorm 0.1
",120
structure103,switch,-471.00649404,6.857E-05,2.4934,0.6,2.4934,True,246,4,,"switch_minimiser bfgs gnorm 0.1
",215
structure104,switch,-469.61380354,0.00040318,1.1757,0.6,1.1758,True,133,3,,"switch_minimiser bfgs gnorm 0.1
",111
structure105,switch,-475.75063913,3.049E-05,0.5119,0.6,0.512,True,63,1,,"switch_minimiser bfgs gnorm 0.1
",58
structure106,switch,-470.11012424,0.00047777,3.0987,0.6,3.0987,True,285,18,,"switch_minimiser bfgs gnorm 0.1
",144
structure107,switch,-469.79074998,0.0004046,0.8382,0.6,0.8382,True,96,6,,"switch_minimiser bfgs gnorm 0.1
",61
structure108,switch,-469.58907655,0.00022156,1.3779,0.6,1.3779,True,172,6,,"switch_minimiser bfgs gnorm 0.1
",140
structure109,switch,-468.2483981,0.00030956,1.4412,0.6,1.4412,True,147,3,,"switch_minimiser bfgs gnorm 0.1
",139
structure110,switch,-470.65481189,0.00030272,0.9611,0.6,0.9611,True,118,5,,"switch_minimiser bfgs gnorm 0.1
",87
structure111,switch,inf,0,0.2101,0.56,0.2102,False,28,0,"  **** Too many failed attempts to optimise ****
","switch_minimiser bfgs gnorm 0.1
",-1
structure112,switch,-464.74327349,0.00023092,2.1991,0.6,2.1991,True,255,8,,"switch_minimiser bfgs gnorm 0.1
",191
structure113,switch,inf,0,0.269,0.56,0.269,False,47,0,"  **** Too many failed attempts to optimise ****
","switch_minimiser bfgs gnorm 0.1
",-1
structure114,switch,-469.97182802,0.00011057,1.9497,0.6,1.9497,True,195,8,,"switch_minimiser bfgs gnorm 0.1
",134
structure115,switch,-471.11659849,0.00031967,1.0773,0.6,1.0773,True,128,6,,"switch_minimiser bfgs gnorm 0.1
",103
structure116,switch,-467.10041398,0.00030825,0.9441,0.6,0.9441,True,115,5,,"switch_minimiser bfgs gnorm 0.1
",79
structure117,switch,-467.99619515,0.00017718,1.7391,0.6,1.7392,True,190,3,,"switch_minimiser bfgs gnorm 0.1
",163
structure118,switch,-469.49623034,0.00019733,1.6253,0.6,1.6254,True,193,11,,"switch_minimiser bfgs gnorm 0.1
",99
structure119,switch,-470.4361564,0.00017629,0.9731,0.6,0.9731,True,130,1,,"switch_minimiser bfgs gnorm 0.1
",121
structure120,switch,-469.30026892,8.859E-05,1.4148,0.6,1.4149,True,153,4,,"switch_minimiser bfgs gnorm 0.1
",122
structure121,switch,inf,0,0.1701,0.56,0.1702,False,25,0,"  **** Too many failed attempts to optimise ****
","switch_minimiser bfgs gnorm 0.1
",-1
structure122,switch,-470.01926727,0.0002214,1.2987,0.6,1.2987,True,129,7,,"switch_minimiser bfgs gnorm 0.1
",87
structure123,switch,-468.2627682,0.00048107,1.1296,0.6,1.1296,True,116,7,,"switch_minimiser bfgs gnorm 0.1
",69
structure124,switch,-469.74565001,0.00037134,3.1252,0.6,3.1252,True,368,4,,"switch_minimiser bfgs gnorm 0.1
",336
structure125,switch,-469.28882081,0.000252,2.6604,0.6,2.6604,True,320,2,,"switch_minimiser bfgs gnorm 0.1
",309
structure126,switch,-468.92761785,0.00010821,1.1291,0.6,1.1291,True,126,6,,"switch_minimiser bfgs gnorm 0.1
",79
structure127,switch,-469.09450822,7.923E-05,1.4064,0.6,1.4064,True,175,7,,"switch_minimiser bfgs gnorm 0.1
",150
structure128,switch,inf,0,0.1538,0.56,0.1538,False,20,0,"  **** Too many failed attempts to optimise ****
","switch_minimiser bfgs gnorm 0.1
",-1
structure129,switch,-469.5593668,0.00028427,2.2803,0.6,2.2803,True,272,17,,"switch_minimiser bfgs gnorm 0.1
",125
structure130,switch,inf,0,0.1841,0.56,0.1841,False,28,0,"  **** Too many failed attempts to optimise ****
","switch_minimiser bfgs gnorm 0.1
",-1
structure131,switch,-470.58935079,6.124E-05,0.6877,0.6,0.6877,True,91,6,,"switch_minimiser bfgs gnorm 0.1
",62
structure132,switch,-469.19957406,0.00040881,1.8834,0.6,1.8834,True,195,4,,"switch_minimiser bfgs gnorm 0.1
",171
structure133,switch,-467.85570489,0.00032721,0.9993,0.6,0.9993,True,110,4,,"switch_minimiser bfgs gnorm 0.1
",84
structure134,switch,-471.86253378,0.0002677,0.8663,0.6,0.8663,True,102,5,,"switch_minimiser bfgs gnorm 0.1
",61
structure135,switch,-471.05897331,0.00026698,1.5576,0.6,1.5576,True,198,5,,"switch_minimiser bfgs gnorm 0.1
",162
structure136,switch,-467.41562364,0.00019017,0.9026,0.6,0.9026,True,106,2,,"switch_minimiser bfgs gnorm 0.1
",93
structure137,switch,inf,0,0.7663,0.56,0.7663,False,184,0,"  **** Too many failed attempts to optimise ****
","switch_minimiser bfgs gnorm 0.1
",-1
structure138,switch,-471.09159167,2.363E-05,1.5876,0.6,1.5876,True,214,5,,"switch_minimiser bfgs gnorm 0.1
",170
structure139,switch,-468.13524932,0.00015754,1.7115,0.6,1.7116,True,207,9,,"switch_minimiser bfgs gnorm 0.1
",165
structure140,switch,-471.5068164,0.00019017,2.4184,0.6,2.4185,True,244,5,,"switch_minimiser bfgs gnorm 0.1
",204
structure141,switch,-467.71272792,0.00027742,2.9897,0.6,2.9898,True,367,29,,"switch_minimiser bfgs gnorm 0.1
",114
structure142,switch,-469.97803109,0.00028571,1.5915,0.6,1.5915,True,188,11,,"switch_minimiser bfgs gnorm 0.1
",110
structure143,switch,-470.46761164,0.00048041,2.2186,0.6,2.2186,True,188,5,,"switch_minimiser bfgs gnorm 0.1
",151
structure144,switch,-465.56841871,0.00034203,0.7194,0.6,0.7194,True,88,1,,"switch_minimiser bfgs gnorm 0.1
",79
structure145,switch,-469.34951125,0.00034069,0.4064,0.6,0.4065,True,61,1,,"switch_minimiser bfgs gnorm 0.1
",55
structure146,switch,-469.34372152,0.00039452,1.2598,0.6,1.2598,True,136,4,,"switch_minimiser bfgs gnorm 0.1
",107
structure147,switch,-469.55795579,8.823E-05,0.6377,0.6,0.6377,True,78,1,,"switch_minimiser bfgs gnorm 0.1
",70
structure148,switch,-470.12519478,0.0001186,0.9067,0.6,0.9067,True,123,9,,"switch_minimiser bfgs gnorm 0.1
",69
structure149,switch,-465.4425045,0.00032975,0.8046,0.6,0.8046,True,92,4,,"switch_minimiser bfgs gnorm 0.1
",70
structure150,switch,-468.28453413,0.00020165,0.6027,0.6,0.6027,True,79,1,,"switch_minimiser bfgs gnorm 0.1
",70
structure151,switch,-471.8237592,7.475E-05,2.8936,0.6,2.8936,True,384,21,,"switch_minimiser bfgs gnorm 0.1
",181
structure152,switch,-471.03029295,0.00028583,2.206,0.6,2.206,True,256,12,,"switch_minimiser bfgs gnorm 0.1
",169
structure153,switch,-471.46235874,0.00012481,2.498,0.6,2.498,True,281,14,,"switch_minimiser bfgs gnorm 0.1
",190
structure154,switch,-468.81392011,0.00041952,1.7593,0.6,1.7593,True,196,2,,"switch_minimiser bfgs gnorm 0.1
",177
structure155,switch,-470.36840059,0.00019793,0.5169,0.6,0.517,True,67,1,,"switch_minimiser bfgs gnorm 0.1
",61
structure156,switch,-470.03296361,9.238E-05,0.9791,0.6,0.9792,True,117,1,,"switch_minimiser bfgs gnorm 0.1
",109
structure157,switch,-471.05890177,0.00014095,1.1123,0.6,1.1123,True,139,7,,"switch_minimiser bfgs gnorm 0.1
",82
structure158,switch,-468.27786252,0.09955994,10.3245,0.6,10.3246,False,1000,203,"  **** Maximum number of function calls has been reached ****
","switch_minimiser bfgs gnorm 0.1
",249
structure160,switch,-469.58140461,0.00025993,2.4528,0.6,2.4528,True,262,16,,"switch_minimiser bfgs gnorm 0.1
",131
structure161,switch,-470.54671441,0.00012421,1.6987,0.6,1.6987,True,200,5,,"switch_minimiser bfgs gnorm 0.1
",162
structure162,switch,-471.54625701,0.00029925,1.419,0.6,1.419,True,122,3,,"switch_minimiser bfgs gnorm 0.1
",101
structure163,switch,-469.26269833,0.00017027,0.7303,0.6,0.7304,True,102,4,,"switch_minimiser bfgs gnorm 0.1
",69
structure164,switch,-469.3220054,0.00034031,1.48,0.6,1.48,True,167,6,,"switch_minimiser bfgs gnorm 0.1
",130
structure165,switch,-469.1805177,0.00026298,1.1645,0.6,1.1645,True,133,4,,"switch_minimiser bfgs gnorm 0.1
",101
structure166,switch,-472.41780381,0.00031262,2.4648,0.6,2.4648,True,279,7,,"switch_minimiser bfgs gnorm 0.1
",231
structure167,switch,-465.72629549,0.00014799,1.066,0.6,1.066,True,120,8,,"switch_minimiser bfgs gnorm 0.1
",82
structure168,switch,-471.05890142,0.0004128,1.7179,0.6,1.7179,True,242,13,,"switch_minimiser bfgs gnorm 0.1
",124
structure169,switch,-472.66856782,7.689E-05,0.8494,0.6,0.8494,True,111,5,,"switch_minimiser bfgs gnorm 0.1
",71
structure170,switch,-470.73628277,0.00012128,1.4266,0.6,1.4267,True,172,6,,"switch_minimiser bfgs gnorm 0.1
",120
structure171,switch,inf,0,0.1768,0.56,0.1768,False,25,0,"  **** Too many failed attempts to optimise ****
","switch_minimiser bfgs gnorm 0.1
",-1
structure172,switch,-468.33540733,0.00010681,0.8329,0.6,0.8329,True,115,3,,"switch_minimiser bfgs gnorm 0.1
",99
structure173,switch,-466.29010392,9.736E-05,0.896,0.6,0.896,True,118,1,,"switch_minimiser bfgs gnorm 0.1
",110
structure174,switch,-470.11296149,0.00041424,1.4936,0.6,1.4936,True,183,4,,"switch_minimiser bfgs gnorm 0.1
",166
structure175,switch,-469.46536517,0.00040123,3.2705,0.6,3.2706,True,312,28,,"switch_minimiser bfgs gnorm 0.1
",141
structure176,switch,-467.49275994,0.00024962,0.8547,0.6,0.8547,True,122,7,,"switch_minimiser bfgs gnorm 0.1
",79
structure177,switch,-467.92254269,0.00052006,1.6661,0.6,1.6661,True,212,4,,"switch_minimiser bfgs gnorm 0.1
",181
structure178,switch,-469.47903919,7.666E-05,0.6026,0.6,0.6026,True,90,2,,"switch_minimiser bfgs gnorm 0.1
",79
structure179,switch,-471.46161282,0.00014099,1.2769,0.6,1.2769,True,161,3,,"switch_minimiser bfgs gnorm 0.1
",140
structure180,switch,-469.670844,0.00015557,2.5041,0.6,2.5041,True,249,8,,"switch_minimiser bfgs gnorm 0.1
",194
structure181,switch,-468.10924619,0.13411444,1.4312,0.6,1.4312,False,167,6,"  **** Conditions for a minimum have not been satisfied. However ****
  **** no lower point can be found - treat results with caution  ****
  **** unless gradient norm is small (less than 0.1)             ****
","switch_minimiser bfgs gnorm 0.1
",150
structure182,switch,-469.77325513,0.00036878,5.1416,0.6,5.1417,True,649,148,,"switch_minimiser bfgs gnorm 0.1
",110
structure183,switch,-470.74454348,0.00041634,0.7636,0.6,0.7636,True,105,3,,"switch_minimiser bfgs gnorm 0.1
",85
structure184,switch,-469.63061332,0.0004639,1.7606,0.6,1.7606,True,221,12,,"switch_minimiser bfgs gnorm 0.1
",127
structure185,switch,-471.03029293,0.00018524,1.6675,0.6,1.6675,True,203,12,,"switch_minimiser bfgs gnorm 0.1
",120
structure186,switch,-471.74887994,9.853E-05,2.9403,0.6,2.9403,True,257,8,,"switch_minimiser bfgs gnorm 0.1
",197
structure187,switch,-468.0020976,0.0001226,0.7164,0.6,0.7164,True,92,1,,"switch_minimiser bfgs gnorm 0.1
",84
structure188,switch,-468.62053824,0.00025266,1.0462,0.6,1.0462,True,126,1,,"switch_minimiser bfgs gnorm 0.1
",119
structure189,switch,-470.52326472,0.00021785,0.9033,0.6,0.9033,True,132,1,,"switch_minimiser bfgs gnorm 0.1
",125
structure190,switch,-468.64168014,8.028E-05,1.8391,0.6,1.8391,True,275,19,,"switch_minimiser bfgs gnorm 0.1
",109
structure191,switch,-470.37596152,0.00031478,0.9673,0.6,0.9673,True,97,1,,"switch_minimiser bfgs gnorm 0.1
",90
structure192,switch,-465.08139429,0.00036136,2.093,0.6,2.093,True,249,26,,"switch_minimiser bfgs gnorm 0.1
",150
structure193,switch,-468.14006946,0.00036566,1.124,0.6,1.124,True,152,4,,"switch_minimiser bfgs gnorm 0.1
",116
structure194,switch,-470.44296861,0.00046757,0.8976,0.6,0.8976,True,109,2,,"switch_minimiser bfgs gnorm 0.1
",91
structure195,switch,-472.05027481,0.00026037,1.6675,0.6,1.6675,True,211,8,,"switch_minimiser bfgs gnorm 0.1
",162
structure196,switch,-469.46728,0.00028228,0.8607,0.6,0.8607,True,110,1,,"switch_minimiser bfgs gnorm 0.1
",100
structure197,switch,-470.74819046,0.00036509,1.2456,0.6,1.2456,True,149,6,,"switch_minimiser bfgs gnorm 0.1
",107
structure198,switch,-465.12258389,0.00024163,3.3342,0.6,3.3342,True,343,23,,"switch_minimiser bfgs gnorm 0.1
",130
structure199,switch,-475.7506391,0.00013753,1.4543,0.6,1.4543,True,240,3,,"switch_minimiser bfgs gnorm 0.1
",220
structure200,switch,-470.64690328,0.00024003,0.895,0.6,0.895,True,109,4,,"switch_minimiser bfgs gnorm 0.1
",79
rat_structure201,switch,-475.75063913,2.082E-05,0.0448,0.6,0.0449,True,3,1,,"switch_minimiser bfgs gnorm 0.1
",1
rat_structure202,switch,-475.75063914,1.062E-05,0.0449,0.6,0.0449,True,3,1,,"switch_minimiser bfgs gnorm 0.1
",1
rat_structure203,switch,-475.75063914,2E-07,0.0488,0.6,0.0488,True,4,1,,"switch_minimiser bfgs gnorm 0.1
",2
rat_structure204,switch,-475.75063914,3.24E-06,0.0451,0.6,0.0451,True,3,1,,"switch_minimiser bfgs gnorm 0.1
",1
rat_structure205,switch,-475.75063914,4.43E-06,0.0451,0.6,0.0451,True,3,1,,"switch_minimiser bfgs gnorm 0.1
",1
rat_structure206,switch,-475.75063914,6E-07,0.0488,0.6,0.0488,True,4,1,,"switch_minimiser bfgs gnorm 0.1
",2
rat_structure207,switch,-475.75063914,5.53E-06,0.0459,0.6,0.0459,True,3,1,,"switch_minimiser bfgs gnorm 0.1
",1
rat_structure208,switch,-475.75063914,8.6E-07,0.0382,0.6,0.0382,True,3,1,,"switch_minimiser bfgs gnorm 0.1
",1
rat_structure209,switch,-475.75063914,1.81E-06,0.0475,0.6,0.0475,True,3,1,,"switch_minimiser bfgs gnorm 0.1
",1
rat_structure210,switch,-475.75063914,3.8E-06,0.036,0.6,0.036,True,3,1,,"switch_minimiser bfgs gnorm 0.1
",1
rat_structure211,switch,-475.75063914,1.76E-06,0.0458,0.6,0.0458,True,3,1,,"switch_minimiser bfgs gnorm 0.1
",1
rat_structure212,switch,-475.75063914,8.9E-07,0.0569,0.6,0.0569,True,4,1,,"switch_minimiser bfgs gnorm 0.1
",2
rat_structure213,switch,-475.75063914,7.7E-07,0.0483,0.6,0.0483,True,4,1,,"switch_minimiser bfgs gnorm 0.1
",2
rat_structure214,switch,-475.75063914,2.32E-06,0.051,0.6,0.051,True,4,1,,"switch_minimiser bfgs gnorm 0.1
",2
rat_structure215,switch,-475.75063913,5.085E-05,0.0459,0.6,0.0459,True,3,1,,"switch_minimiser bfgs gnorm 0.1
",1
rat_structure216,switch,-475.75063914,5.7E-07,0.0517,0.6,0.0517,True,4,1,,"switch_minimiser bfgs gnorm 0.1
",2
rat_structure217,switch,-475.75063914,1.956E-05,0.0451,0.6,0.0451,True,3,1,,"switch_minimiser bfgs gnorm 0.1
",1
rat_structure218,switch,-475.75063914,1.35E-06,0.0448,0.6,0.0448,True,3,1,,"switch_minimiser bfgs gnorm 0.1
",1
rat_structure219,switch,-475.75063914,1.718E-05,0.0458,0.6,0.0458,True,3,1,,"switch_minimiser bfgs gnorm 0.1
",1
rat_structure220,switch,-475.75063914,1.712E-05,0.0448,0.6,0.0449,True,3,1,,"switch_minimiser bfgs gnorm 0.1
",1
rat_structure221,switch,-475.75063914,1.698E-05,0.042,0.6,0.042,True,3,1,,"switch_minimiser bfgs gnorm 0.1
",1
rat_structure222,switch,-475.75063914,3.1E-07,0.0432,0.6,0.0432,True,4,1,,"switch_minimiser bfgs gnorm 0.1
",2
rat_structure223,switch,-475.75063914,6E-07,0.0571,0.6,0.0571,True,4,1,,"switch_minimiser bfgs gnorm 0.1
",2
rat_structure224,switch,-475.75063914,1.11E-06,0.0471,0.6,0.0472,True,3,1,,"switch_minimiser bfgs gnorm 0.1
",1
rat_structure225,switch,-475.75063914,2.3E-06,0.0589,0.6,0.0589,True,3,1,,"switch_minimiser bfgs gnorm 0.1
",1
rat_structure226,switch,-475.75063914,1.36E-05,0.0426,0.6,0.0426,True,3,1,,"switch_minimiser bfgs gnorm 0.1
",1
rat_structure227,switch,-475.75063914,2.3E-07,0.0497,0.6,0.0497,True,4,1,,"switch_minimiser bfgs gnorm 0.1
",2
rat_structure228,switch,-475.75063914,2.9E-07,0.0449,0.6,0.0449,True,4,1,,"switch_minimiser bfgs gnorm 0.1
",2
rat_structure229,switch,-475.75063914,8.8E-07,0.0481,0.6,0.0481,True,4,1,,"switch_minimiser bfgs gnorm 0.1
",2
rat_structure230,switch,-475.75063914,1.14E-06,0.0471,0.6,0.0471,True,3,1,,"switch_minimiser bfgs gnorm 0.1
",1
rat_structure231,switch,-475.75063914,6.4E-07,0.0489,0.6,0.049,True,4,1,,"switch_minimiser bfgs gnorm 0.1
",2
rat_structure232,switch,-475.75063914,2.044E-05,0.0456,0.6,0.0456,True,3,1,,"switch_minimiser bfgs gnorm 0.1
",1
rat_structure233,switch,-475.75063914,2.8E-07,0.0515,0.6,0.0516,True,4,1,,"switch_minimiser bfgs gnorm 0.1
",2
rat_structure234,switch,-475.75063914,1.89E-06,0.0448,0.6,0.0448,True,3,1,,"switch_minimiser bfgs gnorm 0.1
",1
rat_structure235,switch,-475.75063914,1.06E-06,0.0464,0.6,0.0464,True,3,1,,"switch_minimiser bfgs gnorm 0.1
",1
rat_structure236,switch,-475.75063914,2.2E-07,0.0493,0.6,0.0493,True,4,1,,"switch_minimiser bfgs gnorm 0.1
",2
rat_structure237,switch,-475.75063913,2.534E-05,0.0432,0.6,0.0433,True,3,1,,"switch_minimiser bfgs gnorm 0.1
",1
rat_structure238,switch,-475.75063914,7.3E-07,0.0492,0.6,0.0492,True,4,1,,"switch_minimiser bfgs gnorm 0.1
",2
rat_structure239,switch,-475.75063914,1.676E-05,0.0461,0.6,0.0461,True,3,1,,"switch_minimiser bfgs gnorm 0.1
",1
rat_structure240,switch,-475.75063914,1.225E-05,0.0437,0.6,0.0437,True,3,1,,"switch_minimiser bfgs gnorm 0.1
",1
rat_structure241,switch,-475.75063914,6.85E-06,0.0476,0.6,0.0476,True,3,1,,"switch_minimiser bfgs gnorm 0.1
",1
rat_structure242,switch,-475.75063914,1.65E-06,0.0435,0.6,0.0435,True,3,1,,"switch_minimiser bfgs gnorm 0.1
",1
rat_structure243,switch,-475.75063914,5.24E-06,0.0454,0.6,0.0454,True,3,1,,"switch_minimiser bfgs gnorm 0.1
",1
rat_structure244,switch,-475.75063914,1.37E-06,0.0429,0.6,0.043,True,3,1,,"switch_minimiser bfgs gnorm 0.1
",1
rat_structure245,switch,-475.75063914,1.75E-05,0.0705,0.6,0.0705,True,3,1,,"switch_minimiser bfgs gnorm 0.1
",1
rat_structure246,switch,-475.75063914,1.224E-05,0.0424,0.6,0.0425,True,3,1,,"switch_minimiser bfgs gnorm 0.1
",1
rat_structure247,switch,-475.75063914,2.72E-06,0.043,0.6,0.0431,True,3,1,,"switch_minimiser bfgs gnorm 0.1
",1
rat_structure248,switch,-475.75063914,2.8E-07,0.0519,0.6,0.0519,True,4,1,,"switch_minimiser bfgs gnorm 0.1
",2
rat_structure249,switch,-475.75063914,3.84E-06,0.0447,0.6,0.0447,True,3,1,,"switch_minimiser bfgs gnorm 0.1
",1
rat_structure250,switch,-475.75063914,3.2E-07,0.0465,0.6,0.0465,True,3,1,,"switch_minimiser bfgs gnorm 0.1
",1
rat_structure251,switch,-475.75063914,3.1E-07,0.0477,0.6,0.0477,True,3,1,,"switch_minimiser bfgs gnorm 0.1
",1
rat_structure252,switch,-475.75063914,1.39E-06,0.0468,0.6,0.0469,True,3,1,,"switch_minimiser bfgs gnorm 0.1
",1
rat_structure253,switch,-475.75063914,2.07E-06,0.0445,0.6,0.0445,True,3,1,,"switch_minimiser bfgs gnorm 0.1
",1
rat_structure254,switch,-475.75063914,4.5E-06,0.0445,0.6,0.0445,True,3,1,,"switch_minimiser bfgs gnorm 0.1
",1
rat_structure255,switch,-475.75063913,2.35E-05,0.043,0.6,0.043,True,3,1,,"switch_minimiser bfgs gnorm 0.1
",1
rat_structure256,switch,-475.75063914,3.28E-06,0.0372,0.6,0.0372,True,3,1,,"switch_minimiser bfgs gnorm 0.1
",1
rat_structure257,switch,-475.75063914,2.28E-06,0.0448,0.6,0.0449,True,3,1,,"switch_minimiser bfgs gnorm 0.1
",1
rat_structure258,switch,-475.75063914,9.13E-06,0.0451,0.6,0.0451,True,3,1,,"switch_minimiser bfgs gnorm 0.1
",1
rat_structure259,switch,-475.75063914,1.81E-06,0.0519,0.6,0.0519,True,3,1,,"switch_minimiser bfgs gnorm 0.1
",1
rat_structure260,switch,-475.75063914,1.75E-06,0.044,0.6,0.044,True,3,1,,"switch_minimiser bfgs gnorm 0.1
",1
rat_structure261,switch,-475.75063914,4.71E-06,0.0388,0.6,0.0388,True,3,1,,"switch_minimiser bfgs gnorm 0.1
",1
rat_structure262,switch,-475.75063914,1.56E-06,0.0457,0.6,0.0457,True,3,1,,"switch_minimiser bfgs gnorm 0.1
",1
rat_structure263,switch,-475.75063914,7.49E-06,0.0505,0.6,0.0506,True,3,1,,"switch_minimiser bfgs gnorm 0.1
",1
rat_structure264,switch,-475.75063913,2.991E-05,0.0499,0.6,0.0499,True,3,1,,"switch_minimiser bfgs gnorm 0.1
",1
rat_structure265,switch,-475.75063914,2.76E-06,0.0454,0.6,0.0454,True,3,1,,"switch_minimiser bfgs gnorm 0.1
",1
rat_structure266,switch,-475.75063914,9.88E-06,0.0453,0.6,0.0453,True,3,1,,"switch_minimiser bfgs gnorm 0.1
",1
rat_structure267,switch,-475.75063914,2.46E-06,0.0415,0.6,0.0415,True,3,1,,"switch_minimiser bfgs gnorm 0.1
",1
rat_structure268,switch,-475.75063914,4.2E-07,0.0431,0.6,0.0431,True,4,1,,"switch_minimiser bfgs gnorm 0.1
",2
rat_structure269,switch,-475.75063914,1.181E-05,0.0461,0.6,0.0461,True,3,1,,"switch_minimiser bfgs gnorm 0.1
",1
rat_structure270,switch,-475.75063914,1.27E-06,0.0468,0.6,0.0468,True,3,1,,"switch_minimiser bfgs gnorm 0.1
",1
rat_structure271,switch,-475.75063914,2.173E-05,0.038,0.6,0.0381,True,3,1,,"switch_minimiser bfgs gnorm 0.1
",1
rat_structure272,switch,-475.75063914,3.46E-06,0.047,0.6,0.0471,True,3,1,,"switch_minimiser bfgs gnorm 0.1
",1
rat_structure273,switch,-475.75063914,1.41E-06,0.0438,0.6,0.0438,True,3,1,,"switch_minimiser bfgs gnorm 0.1
",1
rat_structure274,switch,-475.75063914,8.19E-06,0.0477,0.6,0.0478,True,3,1,,"switch_minimiser bfgs gnorm 0.1
",1
rat_structure275,switch,-475.75063914,1.705E-05,0.0465,0.6,0.0466,True,3,1,,"switch_minimiser bfgs gnorm 0.1
",1
rat_structure276,switch,-475.75063914,1.174E-05,0.0326,0.6,0.0326,True,3,1,,"switch_minimiser bfgs gnorm 0.1
",1
rat_structure277,switch,-475.75063914,5.52E-06,0.047,0.6,0.047,True,3,1,,"switch_minimiser bfgs gnorm 0.1
",1
rat_structure278,switch,-475.75063914,7.3E-06,0.0455,0.6,0.0456,True,3,1,,"switch_minimiser bfgs gnorm 0.1
",1
rat_structure279,switch,-475.75063914,1.006E-05,0.0439,0.6,0.0439,True,3,1,,"switch_minimiser bfgs gnorm 0.1
",1
rat_structure280,switch,-475.75063914,5.79E-06,0.0438,0.6,0.0438,True,3,1,,"switch_minimiser bfgs gnorm 0.1
",1
rat_structure281,switch,-475.75063914,4.2E-07,0.0509,0.6,0.0509,True,4,1,,"switch_minimiser bfgs gnorm 0.1
",2
rat_structure282,switch,-475.75063914,2.76E-06,0.0462,0.6,0.0462,True,3,1,,"switch_minimiser bfgs gnorm 0.1
",1
rat_structure283,switch,-475.75063914,6.1E-07,0.0466,0.6,0.0466,True,4,1,,"switch_minimiser bfgs gnorm 0.1
",2
rat_structure284,switch,-475.75063914,5.2E-07,0.0519,0.6,0.0519,True,4,1,,"switch_minimiser bfgs gnorm 0.1
",2
rat_structure285,switch,-475.75063914,1.69E-06,0.0459,0.6,0.0459,True,4,1,,"switch_minimiser bfgs gnorm 0.1
",2
rat_structure286,switch,-475.75063914,7.4E-07,0.049,0.6,0.049,True,4,1,,"switch_minimiser bfgs gnorm 0.1
",2
rat_structure287,switch,-475.75063914,3.9E-07,0.0538,0.6,0.0538,True,4,1,,"switch_minimiser bfgs gnorm 0.1
",2
rat_structure288,switch,-475.75063914,2.8E-07,0.0475,0.6,0.0476,True,4,1,,"switch_minimiser bfgs gnorm 0.1
",2
rat_structure289,switch,-475.75063914,6.9E-07,0.0482,0.6,0.0483,True,4,1,,"switch_minimiser bfgs gnorm 0.1
",2
rat_structure290,switch,-475.75063914,8.1E-07,0.0505,0.6,0.0505,True,4,1,,"switch_minimiser bfgs gnorm 0.1
",2
rat_structure291,switch,-475.75063914,1.62E-06,0.0508,0.6,0.0508,True,4,1,,"switch_minimiser bfgs gnorm 0.1
",2
rat_structure292,switch,-475.75063914,2.86E-06,0.049,0.6,0.049,True,3,1,,"switch_minimiser bfgs gnorm 0.1
",1
rat_structure293,switch,-475.75063914,1.17E-06,0.0477,0.6,0.0477,True,4,1,,"switch_minimiser bfgs gnorm 0.1
",2
rat_structure294,switch,-475.75063914,1.234E-05,0.043,0.6,0.043,True,3,1,,"switch_minimiser bfgs gnorm 0.1
",1
rat_structure295,switch,-475.75063914,2.5E-07,0.0506,0.6,0.0506,True,4,1,,"switch_minimiser bfgs gnorm 0.1
",2
rat_structure296,switch,-475.75063914,7.8E-07,0.0473,0.6,0.0473,True,4,1,,"switch_minimiser bfgs gnorm 0.1
",2
rat_structure297,switch,-475.75063914,2.71E-06,0.0464,0.6,0.0464,True,3,1,,"switch_minimiser bfgs gnorm 0.1
",1
rat_structure298,switch,-475.75063914,1.09E-06,0.0491,0.6,0.0491,True,4,1,,"switch_minimiser bfgs gnorm 0.1
",2
rat_structure299,switch,-475.75063914,2.28E-06,0.0455,0.6,0.0455,True,3,1,,"switch_minimiser bfgs gnorm 0.1
",1
rat_structure300,switch,-475.75063914,6.47E-06,0.0445,0.6,0.0445,True,3,1,,"switch_minimiser bfgs gnorm 0.1
",1
rat_structure301,switch,-475.75063914,5.3E-07,0.0448,0.6,0.0448,True,4,1,,"switch_minimiser bfgs gnorm 0.1
",2
rat_structure302,switch,-475.75063914,1.12E-06,0.0461,0.6,0.0462,True,3,1,,"switch_minimiser bfgs gnorm 0.1
",1
rat_structure303,switch,-475.75063914,2E-07,0.0499,0.6,0.0499,True,4,1,,"switch_minimiser bfgs gnorm 0.1
",2
rat_structure304,switch,-475.75063914,7.2E-07,0.048,0.6,0.048,True,4,1,,"switch_minimiser bfgs gnorm 0.1
",2
rat_structure305,switch,-475.75063914,1.15E-06,0.0479,0.6,0.0479,True,4,1,,"switch_minimiser bfgs gnorm 0.1
",2
rat_structure306,switch,-475.75063914,4.8E-07,0.0526,0.6,0.0526,True,4,1,,"switch_minimiser bfgs gnorm 0.1
",2
rat_structure307,switch,-475.75063914,1.993E-05,0.0476,0.6,0.0476,True,3,1,,"switch_minimiser bfgs gnorm 0.1
",1
rat_structure308,switch,-475.75063914,2.3E-07,0.0499,0.6,0.0499,True,4,1,,"switch_minimiser bfgs gnorm 0.1
",2
rat_structure309,switch,-475.75063914,8.9E-07,0.0465,0.6,0.0465,True,4,1,,"switch_minimiser bfgs gnorm 0.1
",2
rat_structure310,switch,-475.75063913,3.422E-05,0.0478,0.6,0.0478,True,3,1,,"switch_minimiser bfgs gnorm 0.1
",1
rat_structure311,switch,-475.75063914,7.7E-07,0.0531,0.6,0.0531,True,4,1,,"switch_minimiser bfgs gnorm 0.1
",2
rat_structure312,switch,-475.75063914,1.676E-05,0.0467,0.6,0.0467,True,3,1,,"switch_minimiser bfgs gnorm 0.1
",1
rat_structure313,switch,-475.75063914,4.3E-07,0.0536,0.6,0.0537,True,4,1,,"switch_minimiser bfgs gnorm 0.1
",2
rat_structure314,switch,-475.75063914,5.7E-07,0.0569,0.6,0.0569,True,4,1,,"switch_minimiser bfgs gnorm 0.1
",2
rat_structure315,switch,-475.75063914,1.16E-06,0.052,0.6,0.052,True,4,1,,"switch_minimiser bfgs gnorm 0.1
",2
rat_structure316,switch,-475.75063914,9.7E-07,0.0504,0.6,0.0504,True,4,1,,"switch_minimiser bfgs gnorm 0.1
",2
rat_structure317,switch,-475.75063914,9E-07,0.0526,0.6,0.0526,True,4,1,,"switch_minimiser bfgs gnorm 0.1
",2
rat_structure318,switch,-475.75063913,3.259E-05,0.0448,0.6,0.0448,True,3,1,,"switch_minimiser bfgs gnorm 0.1
",1
rat_structure319,switch,-475.75063914,6.1E-07,0.0511,0.6,0.0511,True,4,1,,"switch_minimiser bfgs gnorm 0.1
",2
rat_structure320,switch,-475.75063914,8.09E-06,0.0451,0.6,0.0451,True,3,1,,"switch_minimiser bfgs gnorm 0.1
",1
rat_structure321,switch,-475.75063913,5.452E-05,0.0563,0.6,0.0563,True,5,1,,"switch_minimiser bfgs gnorm 0.1
",3
rat_structure322,switch,-475.75063913,6.784E-05,0.0535,0.6,0.0535,True,4,1,,"switch_minimiser bfgs gnorm 0.1
",2
rat_structure323,switch,-475.75063913,1.644E-05,0.056,0.6,0.056,True,5,1,,"switch_minimiser bfgs gnorm 0.1
",3
rat_structure324,switch,-475.75063913,1.884E-05,0.0532,0.6,0.0532,True,4,1,,"switch_minimiser bfgs gnorm 0.1
",2
rat_structure325,switch,-475.75063913,3.732E-05,0.0519,0.6,0.0519,True,4,1,,"switch_minimiser bfgs gnorm 0.1
",2
rat_structure326,switch,-475.75063913,1.507E-05,0.0495,0.6,0.0495,True,6,1,,"switch_minimiser bfgs gnorm 0.1
",4
rat_structure327,switch,-475.75063913,1.123E-05,0.0604,0.6,0.0604,True,6,1,,"switch_minimiser bfgs gnorm 0.1
",4
rat_structure328,switch,-475.75063912,8.004E-05,0.0527,0.6,0.0528,True,4,1,,"switch_minimiser bfgs gnorm 0.1
",2
rat_structure329,switch,-475.75063913,4.644E-05,0.0509,0.6,0.0509,True,4,1,,"switch_minimiser bfgs gnorm 0.1
",2
rat_structure330,switch,-475.75063913,5.859E-05,0.0535,0.6,0.0536,True,4,1,,"switch_minimiser bfgs gnorm 0.1
",2
rat_structure331,switch,-475.75063913,1.586E-05,0.0635,0.6,0.0635,True,6,1,,"switch_minimiser bfgs gnorm 0.1
",4
rat_structure332,switch,-475.75063913,1.348E-05,0.0608,0.6,0.0608,True,6,1,,"switch_minimiser bfgs gnorm 0.1
",4
rat_structure333,switch,-475.75063913,1.645E-05,0.0562,0.6,0.0562,True,5,1,,"switch_minimiser bfgs gnorm 0.1
",3
rat_structure334,switch,-475.75063913,1.922E-05,0.0602,0.6,0.0602,True,6,1,,"switch_minimiser bfgs gnorm 0.1
",4
rat_structure335,switch,-475.75063913,2.704E-05,0.0573,0.6,0.0573,True,5,1,,"switch_minimiser bfgs gnorm 0.1
",3
rat_structure336,switch,-475.75063913,2.338E-05,0.0623,0.6,0.0623,True,6,1,,"switch_minimiser bfgs gnorm 0.1
",4
rat_structure337,switch,-475.75063913,5.845E-05,0.0558,0.6,0.0559,True,5,1,,"switch_minimiser bfgs gnorm 0.1
",3
rat_structure338,switch,-475.75063913,2.481E-05,0.0519,0.6,0.0519,True,4,1,,"switch_minimiser bfgs gnorm 0.1
",2
rat_structure339,switch,-475.75063913,4.344E-05,0.0526,0.6,0.0526,True,4,1,,"switch_minimiser bfgs gnorm 0.1
",2
rat_structure340,switch,-475.75063913,3.867E-05,0.0485,0.6,0.0485,True,4,1,,"switch_minimiser bfgs gnorm 0.1
",2
rat_structure341,switch,-475.75063913,3.327E-05,0.0608,0.6,0.0609,True,4,1,,"switch_minimiser bfgs gnorm 0.1
",2
rat_structure342,switch,-475.75063913,1.723E-05,0.0599,0.6,0.0599,True,6,1,,"switch_minimiser bfgs gnorm 0.1
",4
rat_structure343,switch,-475.75063913,2.232E-05,0.0843,0.6,0.0843,True,5,1,,"switch_minimiser bfgs gnorm 0.1
",3
rat_structure344,switch,-475.75063913,2.328E-05,0.0535,0.6,0.0535,True,5,1,,"switch_minimiser bfgs gnorm 0.1
",3
rat_structure345,switch,-475.75063913,1.678E-05,0.0521,0.6,0.0521,True,4,1,,"switch_minimiser bfgs gnorm 0.1
",2
rat_structure346,switch,-475.75063913,1.938E-05,0.0536,0.6,0.0536,True,4,1,,"switch_minimiser bfgs gnorm 0.1
",2
rat_structure347,switch,-475.75063913,3.964E-05,0.0521,0.6,0.0521,True,5,1,,"switch_minimiser bfgs gnorm 0.1
",3
rat_structure348,switch,-475.75063913,2.747E-05,0.0601,0.6,0.0601,True,6,1,,"switch_minimiser bfgs gnorm 0.1
",4
rat_structure349,switch,-475.75063913,3.813E-05,0.0562,0.6,0.0562,True,5,1,,"switch_minimiser bfgs gnorm 0.1
",3
rat_structure350,switch,-475.75063913,2.949E-05,0.0524,0.6,0.0524,True,4,1,,"switch_minimiser bfgs gnorm 0.1
",2
rat_structure351,switch,-475.75063913,2.055E-05,0.0544,0.6,0.0544,True,4,1,,"switch_minimiser bfgs gnorm 0.1
",2
rat_structure352,switch,-475.75063913,3.434E-05,0.0489,0.6,0.0489,True,4,1,,"switch_minimiser bfgs gnorm 0.1
",2
rat_structure353,switch,-475.75063913,4.256E-05,0.0509,0.6,0.0509,True,4,1,,"switch_minimiser bfgs gnorm 0.1
",2
rat_structure354,switch,-475.75063913,9.27E-06,0.0554,0.6,0.0554,True,5,1,,"switch_minimiser bfgs gnorm 0.1
",3
rat_structure355,switch,-475.75063913,5.886E-05,0.0585,0.6,0.0585,True,5,1,,"switch_minimiser bfgs gnorm 0.1
",3
rat_structure356,switch,-475.75063913,4.062E-05,0.0475,0.6,0.0476,True,4,1,,"switch_minimiser bfgs gnorm 0.1
",2
rat_structure357,switch,-475.75063913,3.254E-05,0.054,0.6,0.054,True,5,1,,"switch_minimiser bfgs gnorm 0.1
",3
rat_structure358,switch,-475.75063913,4.303E-05,0.0518,0.6,0.0518,True,4,1,,"switch_minimiser bfgs gnorm 0.1
",2
rat_structure359,switch,-475.75063913,1.123E-05,0.0559,0.6,0.0559,True,5,1,,"switch_minimiser bfgs gnorm 0.1
",3
rat_structure360,switch,-475.75063913,2.142E-05,0.048,0.6,0.048,True,4,1,,"switch_minimiser bfgs gnorm 0.1
",2
rat_structure361,switch,-475.75063913,1.458E-05,0.1625,0.6,0.1625,True,24,1,,"switch_minimiser bfgs gnorm 0.1
",19
rat_structure362,switch,-475.75063914,4.04E-06,0.1307,0.6,0.1307,True,20,1,,"switch_minimiser bfgs gnorm 0.1
",17
rat_structure363,switch,-475.75063911,9.194E-05,0.1336,0.6,0.1336,True,20,1,,"switch_minimiser bfgs gnorm 0.1
",17
rat_structure364,switch,-475.75063912,9.456E-05,0.1335,0.6,0.1336,True,19,1,,"switch_minimiser bfgs gnorm 0.1
",16
rat_structure365,switch,-475.75063913,9.56E-06,0.1335,0.6,0.1335,True,20,1,,"switch_minimiser bfgs gnorm 0.1
",16
rat_structure366,switch,-475.75063914,9.25E-06,0.2158,0.6,0.2158,True,35,1,,"switch_minimiser bfgs gnorm 0.1
",30
rat_structure367,switch,-475.75063913,1.402E-05,0.149,0.6,0.149,True,23,1,,"switch_minimiser bfgs gnorm 0.1
",19
rat_structure368,switch,-475.75063912,6.138E-05,0.1347,0.6,0.1347,True,20,1,,"switch_minimiser bfgs gnorm 0.1
",17
rat_structure369,switch,-475.75063914,5.95E-06,0.1274,0.6,0.1275,True,19,1,,"switch_minimiser bfgs gnorm 0.1
",16
rat_structure370,switch,-475.75063912,0.00012344,0.1476,0.6,0.1476,True,23,1,,"switch_minimiser bfgs gnorm 0.1
",19
rat_structure371,switch,-475.75063914,4.67E-06,0.1367,0.6,0.1367,True,21,1,,"switch_minimiser bfgs gnorm 0.1
",18
rat_structure372,switch,-475.75063913,5.115E-05,0.1606,0.6,0.1606,True,24,1,,"switch_minimiser bfgs gnorm 0.1
",19
rat_structure373,switch,-475.75063913,1.104E-05,0.1242,0.6,0.1242,True,17,1,,"switch_minimiser bfgs gnorm 0.1
",14
rat_structure374,switch,-475.75063913,7.513E-05,0.1497,0.6,0.1497,True,23,1,,"switch_minimiser bfgs gnorm 0.1
",20
rat_structure375,switch,-475.75063913,3.592E-05,0.1611,0.6,0.1611,True,25,1,,"switch_minimiser bfgs gnorm 0.1
",20
rat_structure376,switch,-475.75063911,0.00011817,0.167,0.6,0.167,True,20,1,,"switch_minimiser bfgs gnorm 0.1
",16
rat_structure377,switch,-475.75063913,1.904E-05,0.1325,0.6,0.1325,True,20,1,,"switch_minimiser bfgs gnorm 0.1
",16
rat_structure378,switch,-475.75063912,0.00010045,0.1449,0.6,0.1449,True,22,1,,"switch_minimiser bfgs gnorm 0.1
",19
rat_structure379,switch,-475.75063913,5.765E-05,0.1321,0.6,0.1321,True,19,1,,"switch_minimiser bfgs gnorm 0.1
",16
rat_structure380,switch,-475.75063913,3.277E-05,0.1448,0.6,0.1448,True,22,1,,"switch_minimiser bfgs gnorm 0.1
",18
rat_structure381,switch,-475.75063908,0.00015957,0.1574,0.6,0.1575,True,24,1,,"switch_minimiser bfgs gnorm 0.1
",19
rat_structure382,switch,-475.75063913,1.099E-05,0.1297,0.6,0.1297,True,20,1,,"switch_minimiser bfgs gnorm 0.1
",16
rat_structure383,switch,-475.75063913,4.019E-05,0.1429,0.6,0.143,True,22,1,,"switch_minimiser bfgs gnorm 0.1
",19
rat_structure384,switch,-475.75063913,1.61E-05,0.158,0.6,0.158,True,24,1,,"switch_minimiser bfgs gnorm 0.1
",19
rat_structure385,switch,-475.75063913,3.322E-05,0.1423,0.6,0.1423,True,21,1,,"switch_minimiser bfgs gnorm 0.1
",18
rat_structure386,switch,-475.75063913,1.778E-05,0.1502,0.6,0.1502,True,23,1,,"switch_minimiser bfgs gnorm 0.1
",19
rat_structure387,switch,-475.75063913,1.547E-05,0.159,0.6,0.159,True,24,1,,"switch_minimiser bfgs gnorm 0.1
",19
rat_structure388,switch,-475.75063912,6.954E-05,0.1546,0.6,0.1547,True,24,1,,"switch_minimiser bfgs gnorm 0.1
",20
rat_structure389,switch,-475.75063914,6.38E-06,0.1465,0.6,0.1465,True,23,1,,"switch_minimiser bfgs gnorm 0.1
",20
rat_structure390,switch,-475.75063913,3.964E-05,0.1373,0.6,0.1373,True,20,1,,"switch_minimiser bfgs gnorm 0.1
",16
rat_structure391,switch,-475.75063913,1.42E-05,0.1501,0.6,0.1501,True,22,1,,"switch_minimiser bfgs gnorm 0.1
",18
rat_structure392,switch,-475.75063912,7.191E-05,0.1495,0.6,0.1496,True,24,1,,"switch_minimiser bfgs gnorm 0.1
",19
rat_structure393,switch,-475.75063914,4.96E-06,0.1296,0.6,0.1296,True,19,1,,"switch_minimiser bfgs gnorm 0.1
",15
rat_structure394,switch,-475.75063913,2.556E-05,0.1584,0.6,0.1584,True,24,1,,"switch_minimiser bfgs gnorm 0.1
",19
rat_structure395,switch,-475.75063913,5.974E-05,0.1403,0.6,0.1403,True,21,1,,"switch_minimiser bfgs gnorm 0.1
",19
rat_structure396,switch,-475.75063914,6.21E-06,0.1381,0.6,0.1381,True,21,1,,"switch_minimiser bfgs gnorm 0.1
",17
rat_structure397,switch,-475.75063913,2.144E-05,0.1471,0.6,0.1471,True,22,1,,"switch_minimiser bfgs gnorm 0.1
",18
rat_structure398,switch,-475.75063913,6.311E-05,0.1187,0.6,0.1187,True,20,1,,"switch_minimiser bfgs gnorm 0.1
",18
rat_structure399,switch,-475.75063911,7.328E-05,0.1609,0.6,0.1609,True,25,1,,"switch_minimiser bfgs gnorm 0.1
",20
rat_structure400,switch,-475.75063913,6.864E-05,0.1663,0.6,0.1663,True,25,1,,"switch_minimiser bfgs gnorm 0.1
",20
structure13,switch,inf,0,0.6794,0.56,0.6794,False,166,0,"  **** Too many failed attempts to optimise ****
",switch_minimiser bfgs gnorm 0.1,-1
structure159,switch,inf,0,0.2275,0.56,0.2275,False,40,0,"  **** Too many failed attempts to optimise ****
",switch_minimiser bfgs gnorm 0.1,-1
